Date,Open,High,Low,Close,Adj.Close,Volume,OilPrice,deaths,DPRIME,TOTALSA,GoogleTrend,new_cases,new_deaths
2020-01-02,-1.26239399861971,-1.2790027103514898,-1.24522807702937,-1.2569288471231699,-1.2569288471231699,-0.49222145120362604,2.07467280663811,-0.27056518933476803,1.75561984519057,1.1462680089485,-1.17621207410485,-1.1215087841320002,-1.06511879515547
2020-01-03,-1.23711805753783,-1.2430059935051498,-1.22045825391995,-1.23674251061446,-1.23674251061446,0.45815533554001703,2.23643631464772,-0.27056518933476803,1.75561984519057,1.1462680089485,-1.0075668122418102,-1.1215087841320002,-1.06511879515547
2020-01-06,-1.2371654183916398,-1.24677565760802,-1.21544242988118,-1.2232374133666102,-1.2232374133666102,-0.42296924282733395,2.32966946951041,-0.27056518933476803,1.75561984519057,1.1462680089485,-1.4572875105432501,-1.1215087841320002,-1.06511879515547
2020-01-07,-1.20410131032997,-1.21576907018424,-1.19368539732401,-1.19549898150006,-1.19549898150006,0.47009497406187395,2.2093429192175402,-0.27056518933476803,1.75561984519057,1.1462680089485,-1.17621207410485,-1.1215087841320002,-1.06511879515547
2020-01-08,-1.1846704142334,-1.1742724459556002,-1.16946921477431,-1.1589576430833601,-1.1589576430833601,1.99853005132608,2.09539128549648,-0.27056518933476803,1.75561984519057,1.1462680089485,-1.0075668122418102,-1.1215087841320002,-1.06511879515547
2020-01-09,-1.14770430419352,-1.17379348919262,-1.1619129286281002,-1.17605671481402,-1.17605671481402,1.68691240075418,2.03722017177874,-0.27056518933476803,1.75561984519057,1.1462680089485,-1.11999698681717,-1.1215087841320002,-1.06511879515547
2020-01-10,-1.1718902189537,-1.19520613327794,-1.1605612470350701,-1.18110727486567,-1.18110727486567,-0.0972222516880602,2.05236059863678,-0.27056518933476803,1.75561984519057,1.1462680089485,-1.28864224868021,-1.1215087841320002,-1.06511879515547
2020-01-13,-1.15339140594455,-1.13234325125134,-1.1307592576663101,-1.1071538685948998,-1.1071538685948998,1.4653145537481298,1.84278521633861,-0.27056518933476803,1.75561984519057,1.1462680089485,-1.0075668122418102,-1.1215087841320002,-1.06511879515547
2020-01-14,-1.07320338262729,-1.09869482378802,-1.0771808681759,-1.08647668649817,-1.08647668649817,1.7509669479592698,1.86748801805437,-0.27056518933476803,1.75561984519057,1.1462680089485,-0.895136637666446,-1.1215087841320002,-1.06511879515547
2020-01-15,-1.09610968547322,-1.1134797364277098,-1.09038819159908,-1.11722333171075,-1.11722333171075,0.41093844459016293,1.77505172776316,-0.27056518933476803,1.75561984519057,1.1462680089485,-1.06378189952949,-1.1215087841320002,-1.06511879515547
2020-01-16,-1.1529964451752501,-1.14960003932093,-1.1304824414577501,-1.12515538216395,-1.12515538216395,0.9143278953586871,1.88183158034093,-0.27056518933476803,1.75561984519057,1.1462680089485,-1.11999698681717,-1.1215087841320002,-1.06511879515547
2020-01-17,-1.13110111014772,-1.1477306449040199,-1.1125849333008,-1.1298892852626599,-1.1298892852626599,-0.0200525417050927,1.8356134351953302,-0.27056518933476803,1.75561984519057,1.1462680089485,-1.28864224868021,-1.1215087841320002,-1.06511879515547
2020-01-21,-1.09533560880999,-1.0968872571553,-1.07146478772109,-1.0717841553626801,-1.0717841553626801,0.461036522442009,1.88183158034093,2.5896953836327796,1.75561984519057,1.1462680089485,-1.23242716139253,-1.12147440258771,-1.06511879515547
2020-01-22,-1.02955492941223,-1.0259444400418398,-1.0214854323577,-1.03638278514301,-1.03638278514301,2.02442615920119,1.80453571690777,-0.27056518933476803,1.75561984519057,1.1462680089485,-0.838921550378766,-1.1215087841320002,-1.06511879515547
2020-01-23,-1.04162420636542,-1.04525596683792,-1.02718523573282,-1.0322030257747499,-1.0322030257747499,0.673956234499256,1.6810217083289998,-0.27056518933476803,1.75561984519057,1.1462680089485,-1.0075668122418102,-1.1215087841320002,-1.06511879515547
2020-01-24,-1.03154540436179,-1.05783162536291,-1.02936750437591,-1.04388741481024,-1.04388741481024,0.0634442547146503,1.61328821975354,-0.27056518933476803,1.75561984519057,1.1462680089485,-1.23242716139253,-1.1215087841320002,-1.06511879515547
2020-01-27,-1.07678936385836,-1.07238481513027,-1.0537627185168899,-1.05465348997438,-1.05465348997438,-0.0224727387027664,1.46029022203017,-0.27056518933476803,1.75561984519057,1.1462680089485,-1.51350259783093,-1.12140563949912,-1.06511879515547
2020-01-28,-1.03492607360606,-1.0532741282128701,-1.02314654945953,-1.04059426482852,-1.04059426482852,-0.23217704617739005,1.3965410563120901,-0.27056518933476803,1.75561984519057,1.1462680089485,-1.34485733596789,-1.1215087841320002,-1.06511879515547
2020-01-29,-1.023551870104,-1.0332055972909902,-1.00791984218666,-1.01828633227654,-1.01828633227654,0.46080602748985,1.46268081574459,-0.27056518933476803,1.75561984519057,1.1462680089485,-0.614061201228043,-1.1215087841320002,-1.06511879515547
2020-01-30,-0.933932741582947,-0.938841783653077,-0.925565489330299,-0.9235765658174171,-0.9235765658174171,1.7520617989820302,1.46985259688788,-0.27056518933476803,1.75561984519057,1.1462680089485,0.17295002079948602,-1.1215087841320002,-1.06511879515547
2020-01-31,-0.9219582574260371,-0.9355664637377441,-0.901919346559174,-0.9081241324074191,-0.9081241324074191,0.220837732796697,1.33119816145106,2.5896953836327796,1.75561984519057,1.1462680089485,-0.7827064630910849,-1.12147440258771,-1.06511879515547
2020-02-03,-0.8687364821671809,-0.7298755990488441,-0.83514995958094,-0.7032046924723462,-0.7032046924723462,3.8527697434676003,1.3351824843084399,-0.27056518933476803,1.75561984519057,1.10755646706201,-0.16434050292659802,-1.12140563949912,-1.06511879515547
2020-02-04,-0.538142651821971,-0.447386531003526,-0.574000086016075,-0.533702439376326,-0.533702439376326,5.43227097738272,1.0347645408620199,-0.27056518933476803,1.75561984519057,1.10755646706201,2.42155351230671,-1.1215087841320002,-1.06511879515547
2020-02-05,-0.632453640669903,-0.637427442521433,-0.7853333750143721,-0.77492568345322,-0.77492568345322,3.9899488142452597,1.02679589514726,-0.27056518933476803,1.75561984519057,1.10755646706201,1.97183281400527,-1.1215087841320002,-1.06511879515547
2020-02-06,-0.8272997871437299,-0.7149052803026908,-0.8131974880710191,-0.7523485675551359,-0.7523485675551359,3.0053896260963797,1.14313812258274,-0.27056518933476803,1.75561984519057,1.10755646706201,0.51024054452557,-1.12147440258771,-1.06511879515547
2020-02-07,-0.77891204165932,-0.755196872983863,-0.743170983350451,-0.7537577270145001,-0.7537577270145001,0.37575339014303105,1.12879456029618,-0.27056518933476803,1.75561984519057,1.10755646706201,-0.38920085207731997,-1.1215087841320002,-1.06511879515547
2020-02-10,-0.6691985306576651,-0.677579953586619,-0.706692117981971,-0.7170106142212931,-0.7170106142212931,1.254596068484,1.07699836315024,-0.27056518933476803,1.75561984519057,1.10755646706201,-0.6702762885157241,-1.1215087841320002,-1.06511879515547
2020-02-11,-0.7185025064553859,-0.73393875201135,-0.6975723120711279,-0.7121024749901309,-0.7121024749901309,-0.242664566500642,0.986155802001985,-0.27056518933476803,1.75561984519057,1.10755646706201,-0.838921550378766,-1.12147440258771,-1.06511879515547
2020-02-12,-0.704158320872608,-0.724298430110136,-0.6888272291252739,-0.7233277941684301,-0.7233277941684301,-0.20520913677474,1.0347645408620199,-0.27056518933476803,1.75561984519057,1.10755646706201,-1.0075668122418102,-1.1215087841320002,-1.06511879515547
2020-02-13,-0.761076722932934,-0.680654310029501,-0.73502837220337,-0.665206784319258,-0.665206784319258,1.43900355495913,1.1574816848693101,-0.27056518933476803,1.75561984519057,1.10755646706201,-0.726491375803404,-1.12147440258771,-1.06511879515547
2020-02-14,-0.689387713833288,-0.688425361107572,-0.6527879507621801,-0.671492315195176,-0.671492315195176,0.21788739740905702,1.22123085058739,-0.27056518933476803,1.75561984519057,1.10755646706201,-0.895136637666446,-1.12147440258771,-1.06511879515547
2020-02-18,-0.603480946406698,-0.61576762634234,-0.5764754479473989,-0.579078325498185,-0.579078325498185,0.29717766095189097,1.3033079014494098,-0.27056518933476803,1.75561984519057,1.10755646706201,-0.9513517249541271,-1.1215087841320002,-1.06511879515547
2020-02-19,-0.474099640254552,-0.484789173348279,-0.464661152388731,-0.485635186850779,-0.485635186850779,1.33916466643129,1.3399636717373,-0.27056518933476803,1.75561984519057,1.10755646706201,-0.501631026652682,-1.1215087841320002,-1.06511879515547
2020-02-20,-0.492345717233161,-0.5354317212183161,-0.531560747861819,-0.514149353443663,-0.514149353443663,0.44160579797497207,1.30171417230645,-0.27056518933476803,1.75561984519057,1.10755646706201,-0.6702762885157241,-1.1215087841320002,-1.06511879515547
2020-02-21,-0.500197089942128,-0.533794057398344,-0.49815984650521294,-0.511632049015452,-0.511632049015452,0.0589726526427579,1.4905710757462498,-0.27056518933476803,1.75561984519057,1.10755646706201,-0.9513517249541271,-1.12147440258771,-1.06511879515547
2020-02-24,-0.6075883235616489,-0.61036042201327,-0.593021217513046,-0.618041965715864,-0.618041965715864,0.160090788155087,1.47861810717411,8.31021652956787,1.75561984519057,1.10755646706201,-0.7827064630910849,-1.1215087841320002,-1.06511879515547
2020-02-25,-0.591790840638626,-0.6210203075585989,-0.6503452651293891,-0.67168232044965,-0.67168232044965,0.401914567213123,1.4013222437409498,-0.27056518933476803,1.75561984519057,1.10755646706201,-0.7827064630910849,-1.12088991633469,-1.06511879515547
2020-02-26,-0.696844125772955,-0.6879000180572221,-0.6680798233520661,-0.705104626273696,-0.705104626273696,0.0325464063776826,1.25071483973199,-0.27056518933476803,1.75561984519057,1.10755646706201,-1.0075668122418102,-1.1215087841320002,-1.06511879515547
2020-02-27,-0.779780911118827,-0.8015136543008001,-0.8425108149170122,-0.863112432258898,-0.863112432258898,1.2071141083391699,1.13756007058241,-0.27056518933476803,1.75561984519057,1.10755646706201,-0.726491375803404,-1.12130249486623,-1.06511879515547
2020-02-28,-0.9382296490392679,-0.877601000355855,-0.9361182889490829,-0.880543930064518,-0.880543930064518,1.24019013397404,1.11126353972371,-0.27056518933476803,1.75561984519057,1.10755646706201,-0.501631026652682,-1.12147440258771,-1.06511879515547
2020-03-02,-0.8093854020153141,-0.795457466802221,-0.8137348515510591,-0.760803160164925,-0.760803160164925,0.7366508614866129,0.890532053424873,-0.27056518933476803,1.75561984519057,-1.0738590975331201,1.91561772671759,-1.1208211532461,-1.06371917296027
2020-03-03,-0.661299789196153,-0.6976794292990319,-0.765791157117043,-0.7578107792707219,-0.7578107792707219,1.3807690052960602,0.8204079711349909,-0.27056518933476803,1.75561984519057,-1.0738590975331201,1.8031875521422198,-1.12102744251187,-1.0595203063746501
2020-03-04,-0.72613260382105,-0.760186940609527,-0.7517533036420859,-0.7514937180669742,-0.7514937180669742,0.143587349580474,0.9168285842835792,2.5896953836327796,1.02983287008385,-1.0738590975331201,1.52211211570382,-1.12075239015751,-1.06091992856986
2020-03-05,-0.7896227587773541,-0.7922750276061671,-0.7625992698326101,-0.7910114307690759,-0.7910114307690759,-0.340025634292773,0.8945163762822521,-0.27056518933476803,1.02983287008385,-1.0738590975331201,1.24103667926542,-1.12033981162597,-1.06231955076506
2020-03-06,-0.84297084281092,-0.852140760674011,-0.8176432723312141,-0.824354621831302,-0.824354621831302,-0.13140465309329902,0.864235522566167,-0.27056518933476803,1.02983287008385,-1.0738590975331201,1.52211211570382,-1.11896454985417,-1.06371917296027
2020-03-09,-0.976633322126396,-0.920117242300881,-0.946736262027489,-0.975522879869743,-0.975522879869743,0.37692891439904397,0.8188142419920391,-0.27056518933476803,1.02983287008385,-1.0738590975331201,2.42155351230671,-1.1173486172723,-1.0595203063746501
2020-03-10,-0.89126373230912,-0.9123926315824491,-0.941850711624462,-0.916420368833953,-0.916420368833953,0.206443323034343,0.36539830082223296,-0.27056518933476803,1.02983287008385,-1.0738590975331201,1.91561772671759,-1.11463247527299,-1.05812068417945
2020-03-11,-0.921642363058766,-0.934670432068238,-0.9337081004773811,-0.9339943349574108,-0.9339943349574108,-0.0553874178711289,-0.45298161408355103,-0.27056518933476803,1.02983287008385,-1.0738590975331201,1.4096819411284598,-1.11219138562805,-1.06231955076506
2020-03-12,-1.01533717108529,-1.0259444400418398,-1.0424119430057,-1.0506478400789498,-1.0506478400789498,0.588454131995726,-0.433856864368129,-0.27056518933476803,1.02983287008385,-1.0738590975331201,1.74697246485454,-1.1116412809193201,-1.06231955076506
2020-03-13,-0.993046930579641,-1.0057523230730798,-1.1144740353721498,-1.07270247715025,-1.07270247715025,1.0184655147443,-0.523105696373433,-0.27056518933476803,1.02983287008385,-1.0738590975331201,1.85940263942991,-1.10944086208444,-1.05112257320342
2020-03-16,-1.1913053254661001,-1.17986505639114,-1.21190855292857,-1.23348100178774,-1.23348100178774,0.770591243192085,-0.7964302443896791,-0.27056518933476803,-0.421741080129577,-1.0738590975331201,1.4096819411284598,-1.09321277317718,-1.04832332881301
2020-03-17,-1.2378921263023202,-1.21542913324035,-1.28709743240333,-1.2570238497504098,-1.2570238497504098,1.17454517159904,-0.6984159020981391,-0.27056518933476803,-0.421741080129577,-1.0738590975331201,1.46589702841614,-1.0910123543423,-1.04272484003219
2020-03-18,-1.3184750550976998,-1.31892349081973,-1.3611789086194799,-1.3662360866769698,-1.3662360866769698,1.1505275975840301,-1.03867707411836,-0.27056518933476803,-0.421741080129577,-1.0738590975331201,2.30912333773135,-1.0607909769069601,-1.03292748466576
2020-03-19,-1.3410654635763601,-1.2460958455171398,-1.3482321243251698,-1.26107696533644,-1.26107696533644,1.88918324602166,-1.03947393868984,-0.27056518933476803,-0.421741080129577,-1.0738590975331201,2.02804790129295,-1.01877672977843,-1.00633466295686
2020-03-20,-1.24075147071139,-1.20747279192498,-1.23858375518902,-1.2612511460553,-1.2612511460553,1.6690605667094298,-1.4522497867143702,-0.27056518933476803,-0.421741080129577,-1.0738590975331201,1.46589702841614,-0.955274017465491,-1.06511879515547
2020-03-23,-1.2480182970585,-1.261545066954,-1.26348385193418,-1.2505483690336001,-1.2505483690336001,0.305567677210493,-1.3574229027087399,-0.27056518933476803,-0.421741080129577,-1.0738590975331201,0.9037461555393341,-0.8306753009402719,-0.881768287583621
2020-03-24,-1.17898331248237,-1.15078962164696,-1.16007264965319,-1.13859711793955,-1.13859711793955,1.04784209639702,-1.23231516498701,-0.27056518933476803,-0.421741080129577,-1.0738590975331201,1.12860650469006,-0.7351977524329509,-0.89856375392608
2020-03-25,-1.07163938442546,-1.0838790204300701,-1.09963821414738,-1.08437098623655,-1.08437098623655,0.855090692653721,-1.3757507878526798,-0.27056518933476803,-0.421741080129577,-1.0738590975331201,1.0723914174023799,-0.819329391322909,-0.769798511967222
2020-03-26,-1.06825877047238,-1.07924426944824,-1.09778172323368,-1.10192912782439,-1.10192912782439,0.412309889555512,-1.31598594499199,-0.27056518933476803,-0.421741080129577,-1.0738590975331201,0.6788858063886121,-0.641439281140381,-0.7166128685494331
2020-03-27,-1.1352242768868501,-1.1320805758638601,-1.1274533738258201,-1.12377792718938,-1.12377792718938,0.0661871446453472,-1.22673711298668,-0.27056518933476803,-0.421741080129577,-1.0738590975331201,0.566455631813251,-0.544001984608243,-0.720811735135048
2020-03-30,-1.1269147850718602,-1.14621662892782,-1.13201321978296,-1.1431410078675701,-1.1431410078675701,-0.20802117519108398,-1.3916880792822,-0.27056518933476803,-0.421741080129577,-1.0738590975331201,-0.10812541563891699,-0.49026363087509794,-0.620038937080289
2020-03-31,-1.14114833298298,-1.10556971960282,-1.12261664651923,-1.10851543570405,-1.10851543570405,0.457348603207459,-1.4841243695734099,-0.27056518933476803,-0.421741080129577,-1.0738590975331201,-0.10812541563891699,-0.37903933508064896,-0.13996852412498098
2020-04-01,-1.13680400148293,-1.15038792644038,-1.1582813240565,-1.1757084167061,-1.1757084167061,-0.0518493203554821,-1.73912103244571,2.5896953836327796,-0.421741080129577,-2.14700699935935,0.00430475893644408,-0.262038939844634,0.20713778028585397
2020-04-02,-1.1730908355546001,-1.18080747434801,-1.20501989575552,-1.2185985208113501,-1.2185985208113501,0.6978585610381861,-2.08496025646626,-0.27056518933476803,-0.421741080129577,-2.14700699935935,0.39781036995020896,-0.18966578910357895,0.417081109566601
2020-04-03,-1.12811539377401,-1.14800875406371,-1.1692086756454398,-1.1781624229918701,-1.1781624229918701,-1.07072690193138,-2.07539788160855,2.5896953836327796,-0.421741080129577,-2.14700699935935,0.285380195374847,-0.13066705909329301,0.215535513457084
2020-04-06,-1.12542985327206,-1.13949625622583,-1.1210532570363798,-1.1208014341606,-1.1208014341606,-1.24729295013404,-1.65545025244074,-0.27056518933476803,-0.421741080129577,-2.14700699935935,-0.22055559021427804,-0.248286322126619,0.5388482405494339
2020-04-07,-1.07203434519476,-1.0715196587298,-1.06506467093165,-1.0745548819311899,-1.0745548819311899,-1.17772957357234,-1.3295326427070802,-0.27056518933476803,-0.421741080129577,-2.14700699935935,-0.16434050292659802,-0.0707744089313363,0.813174190809611
2020-04-08,-1.05750069250054,-1.08355459450451,-1.06345245020975,-1.0691876649266199,-1.0691876649266199,-1.2990575064899998,-1.4689839427153701,-0.27056518933476803,-0.421741080129577,-2.14700699935935,-0.0519103283512366,-0.0689865686279943,1.60256110890522
2020-04-09,-1.04503645477805,-1.05579232813325,-1.0247262160220698,-1.03093646129284,-1.03093646129284,-1.2761463082453601,-1.5072334421462101,-0.27056518933476803,-0.421741080129577,-2.14700699935935,-0.22055559021427804,0.0241874164115594,1.6249550640285
2020-04-13,-1.00069292811187,-0.9371114785767591,-0.986586176553472,-0.9075224675727791,-0.9075224675727791,-1.0727252931666,-1.25861169584572,-0.27056518933476803,-0.421741080129577,-2.14700699935935,0.116734933511805,-0.17189053070304403,1.034314497652
2020-04-14,-0.82880045323652,-0.798253775882293,-0.8043546286505111,-0.814206036037409,-0.814206036037409,-0.8859990274727472,-1.65624711701221,-0.27056518933476803,-0.421741080129577,-2.14700699935935,0.39781036995020896,-0.26117940123725797,1.0916990076554
2020-04-15,-0.7608239790036481,-0.780873401765822,-0.7757414279387769,-0.782636079580723,-0.782636079580723,-1.0473339692367198,-1.5359205667193503,-0.27056518933476803,-0.421741080129577,-2.14700699935935,0.45402545723788895,-0.19588884862098002,2.3051714508981203
2020-04-16,-0.8004124238162958,-0.77110955561461,-0.781083029706929,-0.7582857369933249,-0.7582857369933249,-1.1146177507215702,-1.6905122935856798,-0.27056518933476803,-0.421741080129577,-2.14700699935935,0.285380195374847,-0.0849739867251871,5.83221938281467
2020-04-17,-0.712989200712734,-0.747163216039808,-0.714411297064182,-0.744543224213978,-0.744543224213978,-1.2881735348490302,-1.7789642610195,-0.27056518933476803,-0.421741080129577,-2.14700699935935,0.285380195374847,-0.0327484209410239,2.15261263162078
2020-04-20,-0.7755156460208009,-0.7616546398198609,-0.7721423856691558,-0.7564650366971841,-0.7564650366971841,-1.25087023179156,-1.69449661644306,-0.27056518933476803,-0.421741080129577,-2.14700699935935,-0.10812541563891699,-0.275688412929764,1.4150117347477498
2020-04-21,-0.7795913255262679,-0.78056447140936,-0.834710250436386,-0.8508898506881791,-0.8508898506881791,-1.12496236417448,-1.8849472490258,-0.27056518933476803,-0.421741080129577,-2.14700699935935,0.0605198462241247,-0.15659074349175198,1.53397962134018
2020-04-22,-0.820885922190827,-0.810427793272984,-0.810412633632606,-0.779026328059659,-0.779026328059659,-1.26289745839523,-2.54156365592197,-0.27056518933476803,-0.421741080129577,-2.14700699935935,-0.10812541563891699,0.16054462108568102,2.4675276255418996
2020-04-23,-0.783572275425387,-0.810427793272984,-0.7869293186565891,-0.820950581356933,-0.820950581356933,-1.2856726646181,-2.1710216301856597,-0.27056518933476803,-0.421741080129577,-2.14700699935935,-0.276770677501959,-0.516806183070868,1.3436310027923
2020-04-24,-0.810096257151885,-0.8154797427551129,-0.794990544405256,-0.7900456987044859,-0.7900456987044859,-1.28565192007241,-2.06822610046527,2.5896953836327796,-0.421741080129577,-2.14700699935935,-0.445415939365001,-0.20891945390879998,3.38428016340116
2020-04-27,-0.767759002918182,-0.709250903879853,-0.73502837220337,-0.6735188452814,-0.6735188452814,-1.114076087584,-2.00368007017572,-0.27056518933476803,-0.421741080129577,-2.14700699935935,0.00430475893644408,-0.19812364900015803,1.29604384815533
2020-04-28,-0.6760861858196539,-0.700738344245088,-0.699705749475164,-0.7204303604878829,-0.7204303604878829,-1.2399125017659,-2.05946059017903,-0.27056518933476803,-0.421741080129577,-2.14700699935935,0.17295002079948602,-0.346514394177543,0.850963990080145
2020-04-29,-0.6847274800672211,-0.703519211828334,-0.656598709064236,-0.6707322941772811,-0.6707322941772811,-1.2170013035212501,-2.0251954136055703,-0.27056518933476803,-0.421741080129577,-2.14700699935935,1.5783272029914999,-0.291813357204137,1.8880840367270402
2020-04-30,-0.582012269797948,-0.6005964522682871,-0.688615513092839,-0.7002281361137529,-0.7002281361137529,-0.9345089951042141,-1.84510402045201,-0.27056518933476803,-0.421741080129577,-2.14700699935935,1.46589702841614,-0.181998704725785,2.58929475652473
2020-05-01,-0.7402872038112691,-0.750531177211487,-0.8196463709586179,-0.8277743601816658,-0.8277743601816658,-0.8409303494770191,-1.82518240616511,-0.27056518933476803,-0.421741080129577,-0.8108600344371921,1.85940263942991,-0.0929161234573409,1.79011048306269
2020-05-04,-0.8255936352918192,-0.767170042771264,-0.7952836458361059,-0.7329854789607221,-0.7329854789607221,-1.1473664735243798,-1.7949015524490202,2.5896953836327796,-0.421741080129577,-0.8108600344371921,0.39781036995020896,-0.262932859996305,0.7501911920253871
2020-05-05,-0.6853278160132621,-0.710131494052533,-0.690765097294779,-0.7218711690184649,-0.7218711690184649,-1.19912181008225,-1.64270041929712,2.5896953836327796,-0.421741080129577,-0.8108600344371921,0.45402545723788895,-0.344726553874201,0.687208193241162
2020-05-06,-0.706322591830545,-0.7242211067568449,-0.6925076567933101,-0.6991198724015171,-0.6991198724015171,-1.33438777275699,-1.2394869461303,-0.27056518933476803,-0.421741080129577,-0.8108600344371921,0.39781036995020896,-0.30181838659399296,1.93567119136401
2020-05-07,-0.705200986340493,-0.7140246824054008,-0.67420305879206,-0.703141394329909,-0.703141394329909,-1.3250642519421498,-1.33989188213627,-0.27056518933476803,-0.421741080129577,-0.8108600344371921,0.229165108087167,-0.29195088338131703,2.22819223016185
2020-05-08,-0.679040378316191,-0.6713848003412161,-0.6503289880497061,-0.640793143589424,-0.640793143589424,-1.2189812551603,-1.33750128842184,-0.27056518933476803,-0.421741080129577,-0.8108600344371921,0.566455631813251,-0.14613875402606,2.06863529990848
2020-05-11,-0.684190302457906,-0.6713848003412161,-0.653602260732555,-0.653664982344999,-0.653664982344999,-1.2100034767737,-1.2339088941299698,-0.27056518933476803,-0.421741080129577,-0.8108600344371921,1.46589702841614,-0.425007459803115,-0.0377961038750174
2020-05-12,-0.626545374157951,-0.6415832367402851,-0.616146200600313,-0.656641419960204,-0.656641419960204,-1.2241259024925,-1.14306633298171,-0.27056518933476803,-0.421741080129577,-0.8108600344371921,1.8031875521422198,-0.498618346138792,0.552844462501484
2020-05-13,-0.636292373729007,-0.6682950024015071,-0.688941160540444,-0.6858523173447729,-0.6858523173447729,-1.15132176690343,-1.04584885526165,-0.27056518933476803,-0.421741080129577,-0.8108600344371921,1.12860650469006,-0.36346449551499704,1.3184378032786102
2020-05-14,-0.700793496503711,-0.7032720397345661,-0.687801203122464,-0.6662675823408921,-0.6662675823408921,-1.27643442693556,-0.8880696701094108,2.5896953836327796,-0.421741080129577,-0.8108600344371921,0.566455631813251,-0.406991530592515,1.37862155767242
2020-05-15,-0.684443046387192,-0.7006611367609571,-0.651078067562182,-0.672853882304323,-0.672853882304323,-0.37855286554621703,-0.8020082963900099,-0.27056518933476803,-0.421741080129577,-0.8108600344371921,0.45402545723788895,-0.18829052733177698,1.41641135694296
2020-05-18,-0.625313123097506,-0.654823258134731,-0.622855752898564,-0.649960172783117,-0.649960172783117,-0.242595418014994,-0.614745122093166,-0.27056518933476803,-0.421741080129577,-0.8108600344371921,0.34159528266252803,-0.47262589865174304,0.0657759385701511
2020-05-19,-0.645233772759663,-0.6743665155277521,-0.6192729877086259,-0.658857955300902,-0.658857955300902,-0.480189614700905,-0.633869871808588,-0.27056518933476803,-0.421741080129577,-0.8108600344371921,0.39781036995020896,-0.37058147518407003,0.0419823612516664
2020-05-20,-0.6368136432730179,-0.6682950024015071,-0.6099578568415871,-0.6469044937464781,-0.6469044937464781,-0.7483935410335841,-0.49840289465768,-0.27056518933476803,-0.421741080129577,-0.8108600344371921,0.17295002079948602,-0.434909344560087,1.12948880692594
2020-05-21,-0.643922581677052,-0.658252985293714,-0.6356885406368089,-0.627842190072028,-0.627842190072028,-0.17846019757664103,-0.496809165514728,-0.27056518933476803,-0.421741080129577,-0.8108600344371921,0.0605198462241247,-0.32093452522203497,1.0595076971656898
2020-05-22,-0.634175463624873,-0.6593653060633361,-0.6096322093939821,-0.6448145546906539,-0.6448145546906539,-0.43973775059693,-0.574901893519369,-0.27056518933476803,-0.421741080129577,-0.8108600344371921,-0.10812541563891699,-0.247048586531997,0.7026040373884169
2020-05-26,-0.614697261965683,-0.655008664241194,-0.6035903593524019,-0.641663936356584,-0.641663936356584,-0.658454410700986,-0.56294892494723,-0.27056518933476803,-0.421741080129577,-0.8108600344371921,0.39781036995020896,-0.46605902369139096,-0.3653076975529829
2020-05-27,-0.6362450049764621,-0.665653108289696,-0.653602260732555,-0.639510699158323,-0.639510699158323,-0.259721192960438,-0.6601664026672939,-0.27056518933476803,-0.421741080129577,-0.8108600344371921,1.85940263942991,-0.47135378151282703,-0.0909817472928067
2020-05-28,-0.6478561628236259,-0.6702261550811149,-0.6264222491514301,-0.662341110537092,-0.662341110537092,-0.754582330499064,-0.560558331232803,-0.27056518933476803,-0.421741080129577,-0.8108600344371921,0.9037461555393341,-0.47785189338458894,1.0707046747273299
2020-05-29,-0.6553757331000191,-0.654390679934498,-0.6223183894185229,-0.616126207378905,-0.616126207378905,-0.22941110675147697,-0.5470116335177121,-0.27056518933476803,-0.421741080129577,-0.8108600344371921,0.566455631813251,-0.371406632247151,0.5794372842103791
2020-06-01,-0.6553757331000191,-0.654390679934498,-0.6223183894185229,-0.616126207378905,-0.616126207378905,-0.22941110675147697,-0.340623709505445,-0.27056518933476803,-0.421741080129577,-0.8108600344371921,-1.17621207410485,-0.371406632247151,0.5794372842103791
2020-06-02,-0.577573082311681,-0.555515639564742,-0.54107131768161,-0.516223475880104,-0.516223475880104,0.130967750949747,-0.262530981500803,-0.27056518933476803,-0.421741080129577,-0.43372177820916397,-0.838921550378766,-0.440513536280178,-0.22254623364207501
2020-06-03,-0.519596351579151,-0.540591753453618,-0.513549373430586,-0.5424103432992511,-0.5424103432992511,-0.0273707564361537,-0.24181250264242898,-0.27056518933476803,-0.421741080129577,-0.43372177820916397,-1.06378189952949,-0.39653954112682394,0.00419256198113197
2020-06-04,-0.5299911664311739,-0.557153303384714,-0.49872976414462,-0.540193807958553,-0.540193807958553,-0.67461210684736,-0.207547326068964,-0.27056518933476803,-0.421741080129577,-0.43372177820916397,-1.06378189952949,-0.415174338134735,0.382090554686477
2020-06-05,-0.527210769943014,-0.560536706053219,-0.534003555633777,-0.5696104084735899,-0.5696104084735899,-0.566486924789385,-0.00115940205669697,-0.27056518933476803,-0.421741080129577,-0.43372177820916397,-1.23242716139253,-0.44422674306404203,0.32610566687827697
2020-06-08,-0.5462309788760421,-0.5747962833671679,-0.521366214990895,-0.535918974717024,-0.535918974717024,-0.690470159555927,-0.10793925463447199,-0.27056518933476803,-0.421741080129577,-0.43372177820916397,-1.11999698681717,-0.394682937734892,0.384889799076887
2020-06-09,-0.48120846017746294,-0.47672463341057203,-0.45140493258561604,-0.434179718386473,-0.434179718386473,0.0428264812439919,-0.0449869534878731,2.5896953836327796,-0.421741080129577,-0.43372177820916397,-0.6702762885157241,-0.354731583264057,-0.068587792169527
2020-06-10,-0.448017980151157,-0.46986517909260495,-0.42735170811280393,-0.448824665087973,-0.448824665087973,-0.278310610852094,0.0131841602298698,-0.27056518933476803,-0.421741080129577,-0.43372177820916397,-0.38920085207731997,-0.47437935741078996,-0.375105052919418
2020-06-11,-0.36607637303950397,-0.35702405026853495,-0.331969120422836,-0.315230499832605,-0.315230499832605,0.548613079514974,-0.2593435232149,-0.27056518933476803,-0.421741080129577,-0.43372177820916397,0.17295002079948602,-0.47977725986511105,0.333103777854302
2020-06-12,-0.368730460752952,-0.37018674830968795,-0.34906865268737397,-0.397891746696486,-0.397891746696486,0.243564535079614,-0.19718808663977697,-0.27056518933476803,-0.421741080129577,-0.43372177820916397,0.00430475893644408,-0.412767630034082,0.219734380042699
2020-06-15,-0.38484383804324607,-0.418048544465641,-0.44580279168859005,-0.45735838037580795,-0.45735838037580795,0.341167622571513,-0.125470275206943,-0.27056518933476803,-0.421741080129577,-0.43372177820916397,-0.33298576478964,-0.33475590602864,0.188942691748189
2020-06-16,-0.483119987206115,-0.40127059728987896,-0.45247978982747494,-0.3692983386821671,-0.3692983386821671,0.21829076357533603,-0.0210810163435953,-0.27056518933476803,-0.421741080129577,-0.43372177820916397,-0.726491375803404,-0.44959026397406804,-0.650830625374799
2020-06-17,-0.33452889442712397,-0.379579898117133,-0.36471872688423107,-0.38318338310916,-0.38318338310916,0.0285818932005409,-0.0433932243449215,-0.27056518933476803,-0.421741080129577,-0.43372177820916397,-0.501631026652682,-0.43535630463592206,-0.512268028049506
2020-06-18,-0.37266392341840504,-0.39175391550782396,-0.331855058725887,-0.36788917922280295,-0.36788917922280295,-0.450882181533837,0.0586054408039981,2.5896953836327796,-0.421741080129577,-0.43372177820916397,-0.726491375803404,-0.30649427661811895,0.10496536003589099
2020-06-19,-0.348509579927844,-0.369816051965921,-0.312475733764556,-0.34862104575827,-0.34862104575827,-0.46689005596130795,0.10482358594960199,-0.27056518933476803,-0.421741080129577,-0.43372177820916397,-0.7827064630910849,-0.24275089349511803,-0.00980365997091784
2020-06-22,-0.33305968902157596,-0.374806119591586,-0.31757294320173995,-0.35346588684699604,-0.35346588684699604,-0.590458399813963,0.174150803668009,-0.27056518933476803,-0.421741080129577,-0.43372177820916397,-0.614061201228043,-0.16700835141314802,-0.0615896811935021
2020-06-23,-0.35332782011810704,-0.385759609865711,-0.31972264954284696,-0.36388360057340896,-0.36388360057340896,-0.8575213761334529,0.135901304237164,-0.27056518933476803,-0.421741080129577,-0.43372177820916397,-0.614061201228043,-0.23470561213007898,-0.7068155131829978
2020-06-24,-0.35501818238583605,-0.38093950684968503,-0.31322481327703194,-0.352072551923241,-0.352072551923241,-0.857187158452822,-0.0489712763452531,2.5896953836327796,-0.421741080129577,-0.43372177820916397,-0.726491375803404,-0.0422721087107495,-0.46748011780294607
2020-06-25,-0.362553542246411,-0.398119033362866,-0.379782484222831,-0.4168748168657271,-0.4168748168657271,-0.32770567909985304,0.0131841602298698,-0.27056518933476803,-0.421741080129577,-0.43372177820916397,-0.6702762885157241,0.0722184337917279,0.0909691380838408
2020-06-26,-0.425490730009219,-0.42113834240534903,-0.40582266052514293,-0.377087857487716,-0.377087857487716,-0.524214150563351,-0.00354999577112486,-0.27056518933476803,-0.421741080129577,-0.43372177820916397,-0.726491375803404,0.0591190654153183,-0.0140025265565328
2020-06-29,-0.361495205675466,-0.40720313694468796,-0.376965197764219,-0.41863221901943104,-0.41863221901943104,-0.5702670420047989,0.045058743088907005,-0.27056518933476803,-0.421741080129577,-0.43372177820916397,-0.7827064630910849,0.286381073205521,2.34576049455906
2020-06-30,-0.40220525597816603,-0.38402930478939296,-0.387306346491457,-0.340087449213824,-0.340087449213824,-0.55050209985713,0.0498399305177628,-0.27056518933476803,-0.421741080129577,-0.43372177820916397,-0.838921550378766,0.20812867839001398,-0.6942189134261529
2020-07-01,-0.34298048460101,-0.264004349794067,-0.29739557720710497,-0.22853190650472302,-0.22853190650472302,0.359042506111474,0.0928706173774632,-0.27056518933476803,-0.421741080129577,-0.43372177820916397,-0.501631026652682,0.307250670592609,-0.5948457375666
2020-07-02,-0.22212971654365699,-0.19040425886885104,-0.172373893084371,-0.165487170375556,-0.165487170375556,-0.0548803289763782,0.173353939096532,-0.27056518933476803,-0.421741080129577,0.204021000531177,-0.16434050292659802,0.387153379534278,0.712401392754852
2020-07-06,-0.00336618092437279,-0.0472362311181113,-0.00121629634144091,-0.0245308516870265,-0.0245308516870265,0.39725856917950303,0.151838595666682,-0.27056518933476803,-0.421741080129577,0.204021000531177,0.566455631813251,0.667981833336151,-0.152565123881826
2020-07-07,0.0838516591037069,0.184177718581548,0.129782015507584,0.23341157235497198,0.23341157235497198,0.779857140268893,0.13669816880863903,-0.27056518933476803,-0.421741080129577,0.204021000531177,0.847531068251654,0.5663843699443131,-0.685821180254923
2020-07-08,0.28656509425054605,0.264065488139353,0.24486981988482398,0.262353096404017,0.262353096404017,0.8858617687670011,0.180525720239816,-0.27056518933476803,-0.421741080129577,0.204021000531177,0.6788858063886121,0.597224615176962,-0.5626544270768851
2020-07-09,0.286549186185243,0.24515565654985397,0.203554170211476,0.224386956065535,0.224386956065535,0.28906423863588,0.21160343852737698,-0.27056518933476803,-0.421741080129577,0.204021000531177,0.0605198462241247,0.8545017111367329,0.5780376620151739
2020-07-10,0.27389548135131603,0.23171491114589002,0.268597405052641,0.26935106386384,0.26935106386384,-0.24034809223144,0.106417315092554,-0.27056518933476803,-0.421741080129577,0.204021000531177,-0.16434050292659802,0.9037704641115228,0.0951680046694557
2020-07-13,0.272331546339419,0.448560113712205,0.308870629504328,0.5074236816904389,0.5074236816904389,1.09882757981468,0.17972885566834,-0.27056518933476803,-0.421741080129577,0.204021000531177,0.34159528266252803,1.0446660326325898,0.309310200535818
2020-07-14,0.687805157645136,0.828719020638379,0.463743003953096,0.432076995909504,0.432076995909504,2.90219703601462,0.146260543666351,-0.27056518933476803,-0.421741080129577,0.204021000531177,1.74697246485454,0.8471096791133,-0.517866516830326
2020-07-15,0.525091273107792,0.512025538548671,0.398423197181709,0.46333023999968,0.46333023999968,1.1081050016391,0.155822918524062,-0.27056518933476803,-0.421741080129577,0.204021000531177,1.1848215919777398,0.876540281029853,-0.505269917073481
2020-07-16,0.504554497915413,0.45022865280121793,0.4407646285795321,0.5095769188887,0.5095769188887,0.295575721034383,0.234712511100179,-0.27056518933476803,-0.421741080129577,0.204021000531177,0.34159528266252803,1.23424586787543,0.139955914916015
2020-07-17,0.40054387824896903,0.42197210403930296,0.455421475211279,0.437745045331399,0.437745045331399,0.0573591879776421,0.21479089681328098,-0.27056518933476803,-0.421741080129577,0.204021000531177,0.17295002079948602,1.20670625089511,0.268721156874873
2020-07-20,0.457872904282913,0.43093268337112606,0.49450591100593605,0.43806175769791,0.43806175769791,-0.515512966119333,0.20044733452671398,-0.27056518933476803,-0.421741080129577,0.204021000531177,-0.0519103283512366,1.5234634184852902,0.249126446142004
2020-07-21,0.466656304788114,0.60472086716985,0.491248915402771,0.663135948400285,0.663135948400285,0.38242621900804497,0.182119449382768,-0.27056518933476803,-0.421741080129577,0.204021000531177,0.17295002079948602,1.0031331271241801,-0.48427558414540606
2020-07-22,0.657679389305897,0.6433439207620079,0.605245471461912,0.544962456656534,0.544962456656534,0.271316127319606,0.262602771101837,-0.27056518933476803,-0.421741080129577,0.204021000531177,0.51024054452557,0.829643854611421,-0.5444593385392199
2020-07-23,0.593020260106996,0.568291579847895,0.6117594626682429,0.5829128912027951,0.5829128912027951,0.041259115569308,0.236306240243131,-0.27056518933476803,-0.421741080129577,0.204021000531177,2.42155351230671,1.3556127192369198,0.5584429512823039
2020-07-24,0.7193213019501379,0.6649727380782879,0.479474585687535,0.45742496503571295,0.45742496503571295,1.2130263038620601,0.155026053952586,-0.27056518933476803,-0.421741080129577,0.204021000531177,1.91561772671759,1.24559177749279,0.508056552254925
2020-07-27,0.303942183288526,0.318910270587882,0.293448670558756,0.30532244193070396,0.30532244193070396,0.6446372765845799,0.181322584811292,-0.27056518933476803,-0.421741080129577,0.204021000531177,0.847531068251654,1.05126728913724,0.407283754200166
2020-07-28,0.333941634954313,0.447046213605164,0.369109748196548,0.49942845183819606,0.49942845183819606,0.258800251417351,0.18929123052605104,-0.27056518933476803,-0.421741080129577,0.204021000531177,0.116734933511805,0.803617025580077,-0.40029825243310707
2020-07-29,0.442944172338275,0.472939023762629,0.46913355909946397,0.39950977706039703,0.39950977706039703,0.23114085715822302,0.16697902252472502,-0.27056518933476803,-0.421741080129577,0.204021000531177,-0.10812541563891699,0.812212411653836,0.440874686885086
2020-07-30,0.438205117031164,0.42676133178628706,0.489620295462021,0.435322680200618,0.435322680200618,-0.50434548568721,0.198853605383762,-0.27056518933476803,-0.421741080129577,0.204021000531177,-0.22055559021427804,1.0010014713778899,0.677410837874728
2020-07-31,0.417668341838785,0.39343739204541706,0.463564086358361,0.41692533158701894,0.41692533158701894,-0.712470902739542,0.156619783095538,-0.27056518933476803,-0.421741080129577,0.204021000531177,-0.445415939365001,1.4565913148314398,0.974130743258183
2020-08-03,0.460321498338499,0.39932349906519704,0.38210542072817893,0.327108006483063,0.327108006483063,-0.179336078394847,0.16857275166767702,-0.27056518933476803,-0.421741080129577,0.204021000531177,-0.22055559021427804,1.21753643734804,0.8341685237376851
2020-08-04,0.35637402911004,0.38813827819412894,0.420212783898243,0.412983161907224,0.412983161907224,-0.575522326914033,0.21877521967066102,-0.27056518933476803,-0.421741080129577,0.445469306128361,-0.501631026652682,0.5119927668695621,-0.4870748285358161
2020-08-05,0.428742440557755,0.415328822952291,0.44890723972661295,0.41614960477690294,0.41614960477690294,-0.620964406732259,0.23710310481460697,-0.27056518933476803,-0.421741080129577,0.445469306128361,-0.6702762885157241,0.446530306531809,-0.305123943159169
2020-08-06,0.425551175234993,0.372735257653973,0.459183157995952,0.413014810978443,0.413014810978443,-1.0170699820181899,0.31121150996186897,-0.27056518933476803,-0.421741080129577,0.445469306128361,-0.726491375803404,0.8562895514400749,0.898551144717114
2020-08-07,0.4221388636324289,0.39972519427177705,0.473758505232728,0.420234306104344,0.420234306104344,-0.90017446703055,0.32077388481958,-0.27056518933476803,-0.421741080129577,0.445469306128361,-0.726491375803404,0.6939742808231999,0.9643333878917479
2020-08-10,0.43589851075209,0.37259640777631,0.372383143018564,0.361860111601649,0.361860111601649,-0.5654842717474909,0.24347802138641503,-0.27056518933476803,-0.421741080129577,0.445469306128361,-0.7827064630910849,0.932960395218011,1.52138302158333
2020-08-11,0.354478410146692,0.307323354510234,0.324879027447324,0.30780809728769704,0.30780809728769704,-0.7238458286286078,0.253040396244126,-0.27056518933476803,-0.421741080129577,0.445469306128361,-0.6702762885157241,0.48916342145765707,-0.347112609015318
2020-08-12,0.272331546339419,0.24938877412199698,0.290940632328899,0.237860340912362,0.237860340912362,-0.596670238774658,0.212400303098853,-0.27056518933476803,-0.421741080129577,0.445469306128361,-0.10812541563891699,0.581409104801245,-0.333116387063268
2020-08-13,0.389232825184894,0.5043009278302399,0.40493718838804,0.523430314244475,0.523430314244475,0.9330095112312071,0.32475820767696,5.44995595660033,-0.421741080129577,0.445469306128361,1.0723914174023799,0.487994448951626,0.440874686885086
2020-08-14,0.61197742918442,0.6065438135025141,0.620325505880195,0.628304601860264,0.628304601860264,0.763192355227768,0.30722718710448904,2.5896953836327796,-0.421741080129577,0.445469306128361,0.39781036995020896,0.801829185276735,1.02031827569995
2020-08-17,0.697267834118544,0.63376548071726,0.717027212861213,0.6753427054353951,0.6753427054353951,-0.141235262802898,0.306430322533013,-0.27056518933476803,-0.421741080129577,0.445469306128361,0.0605198462241247,0.635181840078684,0.45067204225152097
2020-08-18,0.716240674299027,0.90730929505842,0.79224871163623,0.968132181809635,0.968132181809635,0.742102067105183,0.310414645390393,-0.27056518933476803,-0.421741080129577,0.445469306128361,0.566455631813251,0.32609175686629,-0.26593452169342896
2020-08-19,1.06692907669463,1.02787503460092,1.07281046432179,1.0495902098314,1.0495902098314,0.307872626732087,0.344679821963858,-0.27056518933476803,-0.421741080129577,0.445469306128361,0.7913159809639729,0.0837706326748607,-0.442286918289257
2020-08-20,1.0132334006443102,1.00794563936731,1.06645923576968,1.03603759147936,1.03603759147936,-0.18414189814737,0.334320582534671,-0.27056518933476803,-0.421741080129577,0.445469306128361,0.51024054452557,0.394407885380531,0.7879809912959209
2020-08-21,1.00640877743919,1.1794165326458301,1.09227117468154,1.2312517463557,1.2312517463557,0.7846860095166321,0.28252438538873603,-0.27056518933476803,-0.421741080129577,0.445469306128361,1.0723914174023799,0.509070335604484,0.83276890154248
2020-08-24,1.29720892207361,1.2929681711637802,1.36584681128124,1.3074850415231798,1.3074850415231798,0.8858502440193928,0.233118781957227,-0.27056518933476803,-0.421741080129577,0.445469306128361,1.5783272029914999,0.39145107257115797,0.44367393127549604
2020-08-25,1.4259901292419601,1.34473848130027,1.20701694053493,1.25083648135958,1.25083648135958,0.7215073431297401,0.272165145959548,2.5896953836327796,-0.421741080129577,0.445469306128361,0.9599612428270151,0.0648607833125897,-0.443686540484462
2020-08-26,1.1868319167891899,1.18862416047765,1.2729395855225902,1.26530736608561,1.26530736608561,-0.36236059515701896,0.398069748252746,-0.27056518933476803,-0.421741080129577,0.445469306128361,0.45402545723788895,0.195235599279375,-0.40309749682351703
2020-08-27,1.32128431764327,1.40190078600732,1.41239000102579,1.4708601199265399,1.4708601199265399,0.0502829929463485,0.38053872768027497,-0.27056518933476803,-0.421741080129577,0.445469306128361,0.51024054452557,0.18908130285056302,0.624225194456938
2020-08-28,1.5115808759214198,1.6021225645106798,1.55711666570007,1.60635421898325,1.60635421898325,1.1397865328134098,0.304836593390062,-0.27056518933476803,-0.421741080129577,0.445469306128361,0.6788858063886121,0.35167162582179906,0.6536172605562429
2020-08-31,1.69271463344575,1.63748585555349,1.6288041002424198,1.56621889816751,1.56621889816751,0.7235356987087429,0.33511744710614694,-0.27056518933476803,-0.421741080129577,0.445469306128361,1.0723914174023799,0.456913532908911,0.48846184152205496
2020-09-01,1.57886215822204,1.91898625067296,1.65165225897852,2.00667781904914,2.00667781904914,1.13769824854684,0.37496067567994396,-0.27056518933476803,-0.421741080129577,0.445469306128361,2.42155351230671,0.10182094342975599,-0.6592283585460289
2020-09-02,2.03327699146505,1.93713889274601,1.8991878414150802,1.8224670915386298,1.8224670915386298,0.486434761220454,0.13430757509421198,-0.27056518933476803,-0.421741080129577,0.6974741305598751,1.85940263942991,0.0423064902550446,-0.324718653892038
2020-09-03,1.8504209291625198,1.7559969181663897,1.36674237636825,1.6033460135534399,1.6033460135534399,0.626038638894838,0.135901304237164,-0.27056518933476803,-0.421741080129577,0.6974741305598751,1.12860650469006,0.41324897165421204,0.46186901981316103
2020-09-04,1.28360740775801,1.39108614561086,1.34133747030241,1.28376801284164,1.28376801284164,0.428273969942072,0.00680924365806248,-0.27056518933476803,-0.421741080129577,0.6974741305598751,1.0161763301147,0.21091358347791198,0.411482620785781
2020-09-08,1.24869486781449,1.36173271757615,1.09722189854419,1.37337974564229,1.37337974564229,0.952092188320484,-0.0274559329154026,-0.27056518933476803,-0.421741080129577,0.6974741305598751,1.12860650469006,0.12478781501884101,0.40868337639537106
2020-09-09,0.8789547957986149,0.903972209155782,0.7540923950879499,0.675880953384209,0.675880953384209,1.07065418181224,-0.19798495121125198,-0.27056518933476803,-0.421741080129577,0.6974741305598751,1.24103667926542,-0.287756334977323,-0.6914196690357429
2020-09-10,0.883694088067971,0.9059806851886821,0.8487910034415641,0.9614192855613292,0.9614192855613292,0.240874658987914,-0.0824395883472424,-0.27056518933476803,-0.421741080129577,0.6974741305598751,0.9599612428270151,-0.18901253976197302,-0.405896741213927
2020-09-11,1.11757570426221,1.13764168338834,1.00390764808213,1.00147536495563,1.00147536495563,0.366835540443984,-0.13901697292203302,-0.27056518933476803,-0.421741080129577,0.6974741305598751,0.00430475893644408,-0.023809219424314,0.524852018597385
2020-09-14,1.0838481651077099,1.0102629298875099,1.00341910769853,1.01239979630303,1.01239979630303,-0.19126419216909601,-0.17646960778140303,-0.27056518933476803,-0.421741080129577,0.6974741305598751,-0.22055559021427804,0.168039797742,0.29811322297417797
2020-09-15,1.07602849004823,1.2999358318286898,1.1076444326698403,1.3836707443404401,1.3836707443404401,0.32281100458153805,-0.19479749292534898,-0.27056518933476803,-0.421741080129577,0.6974741305598751,-0.276770677501959,0.0430285026852404,-0.53606160536799
2020-09-16,1.51527739214051,1.62390602080894,1.57503050793499,1.62226591223986,1.62226591223986,0.6519024774766451,-0.11750162949218301,-0.27056518933476803,-0.421741080129577,0.6974741305598751,0.00430475893644408,0.0763786006514275,-0.43388918511802704
2020-09-17,1.5414222026818898,1.59184894039972,1.61256783132647,1.5589361048991799,1.5589361048991799,0.0752294616185605,0.0171684830872493,-0.27056518933476803,-0.421741080129577,0.6974741305598751,-0.276770677501959,0.648212445366504,0.9041496334979341
2020-09-18,1.34971983429716,1.43735672603109,1.3901931371849001,1.4138315492539901,1.4138315492539901,0.178949885140769,0.106417315092554,2.5896953836327796,-0.421741080129577,0.6974741305598751,-0.557846113940362,-0.275791557562649,0.14555440369683498
2020-09-21,1.60516510156748,1.53939876410007,1.55955935133286,1.5620233063474198,1.5620233063474198,0.400861205281754,0.091276888234511,-0.27056518933476803,-0.421741080129577,0.6974741305598751,-0.445415939365001,0.376391956169931,0.0979672490598657
2020-09-22,1.6461595934489501,1.57554988819006,1.38262056581639,1.6193369482314801,1.6193369482314801,0.932613059913493,-0.05136187005968101,-0.27056518933476803,-0.421741080129577,0.6974741305598751,0.116734933511805,0.24866451911386397,-0.713813624159023
2020-09-23,1.4603022147583202,1.4371249954341498,1.46836225305255,1.42016467248013,1.42016467248013,0.243525350937747,-0.0139092352003116,-0.27056518933476803,-0.421741080129577,0.6974741305598751,2.3653384250190297,0.705973439782168,-0.5444593385392199
2020-09-24,1.26725695764149,1.23929759134134,1.1286525078537,1.07287963565377,1.07287963565377,0.600640400116394,0.00601237908658671,-0.27056518933476803,-0.421741080129577,0.6974741305598751,1.74697246485454,0.19554503317803,0.23093135760433897
2020-09-25,0.9405648844135078,1.14158131210085,0.9285069874340459,1.1316973842108502,1.1316973842108502,0.634912694552975,0.0179653476587256,-0.27056518933476803,-0.421741080129577,0.6974741305598751,0.39781036995020896,0.18258319097880102,0.47726486396041495
2020-09-28,1.1749206462602,1.2128795540026898,1.25421143331731,1.2864594979887198,1.2864594979887198,-0.0416499187224286,-0.00833118319998064,-0.27056518933476803,-0.421741080129577,0.6974741305598751,-0.276770677501959,0.398602433784526,0.19594080272421396
2020-09-29,1.42096639539384,1.3623505860136798,1.45166975363403,1.39617851586607,1.39617851586607,-0.444760235604484,0.0458556076603834,-0.27056518933476803,-0.421741080129577,0.6974741305598751,-0.445415939365001,0.12475343347454598,-0.7026166465973829
2020-09-30,1.3528792834893102,1.3655950229353602,1.41950658617006,1.37931691508048,1.37931691508048,-0.433242402845078,-0.0545493283455847,-0.27056518933476803,-0.421741080129577,0.6974741305598751,-0.501631026652682,0.013013414515672,-0.6256374258611089
2020-10-01,1.39490064335574,1.40753960506417,1.4917315063316203,1.45800422444996,1.45800422444996,-0.481040141074373,-0.0569399220600125,-0.27056518933476803,-0.421741080129577,0.6974741305598751,-0.726491375803404,0.35748210680765996,0.23373060199474902
2020-10-02,1.54845220106376,1.5230226280000503,1.60532102954474,1.6095999032743702,1.6095999032743702,-0.42120595644331393,-0.10076747349118902,-0.27056518933476803,-0.421741080129577,0.6773909916194379,-0.501631026652682,0.321897208462296,0.236529846385159
2020-10-05,1.39545361844798,1.44770767349534,1.44719141521447,1.34781024885,1.34781024885,0.0556535253316626,-0.24021877349947698,-0.27056518933476803,-0.421741080129577,0.6773909916194379,-0.33298576478964,0.41778733550115704,0.16654873662491002
2020-10-06,1.4109350806238703,1.40529963789726,1.4824488156273898,1.43164305756856,1.43164305756856,-0.5599339532994929,-0.0983768797767608,-0.27056518933476803,-0.421741080129577,0.6773909916194379,-0.726491375803404,0.0784414933091298,-0.505269917073481
2020-10-07,1.41441055056316,1.3677579062119098,1.37431494773676,1.3390233568248702,1.3390233568248702,-0.457974511211782,0.0203559413731535,-0.27056518933476803,-0.421741080129577,0.6773909916194379,-0.7827064630910849,0.277991976397532,-0.5080691614638909
2020-10-08,1.38344737345166,1.3764094315935,1.43782746125099,1.42863485213875,1.42863485213875,-0.596700203118439,-0.0314402557727826,2.5896953836327796,-0.421741080129577,0.6773909916194379,-0.9513517249541271,0.359029276300937,-0.0615896811935021
2020-10-09,1.53012705768312,1.44670343547889,1.53106021231808,1.4335431101133,1.4335431101133,-0.659085966869903,0.0785270550908964,-0.27056518933476803,-0.421741080129577,0.6773909916194379,-0.9513517249541271,0.535062783091533,0.183344202967369
2020-10-12,1.4644885398341798,1.4126378713121701,1.54050566567653,1.49750611261645,1.49750611261645,-0.9240491341752208,0.049043065946287004,-0.27056518933476803,-0.421741080129577,0.6773909916194379,-0.895136637666446,0.8313629318261729,0.295313978583768
2020-10-13,1.55824656148862,1.5219410666303101,1.63919408020871,1.5632106927377,1.5632106927377,-0.6966566440718851,-0.0410026306304936,-0.27056518933476803,-5.13935641832322,0.6773909916194379,-0.9513517249541271,0.3774234024987829,-0.513667650244711
2020-10-14,1.5689099098541,1.52309995135334,1.6230718648471,1.59764632297655,1.59764632297655,-0.7964010296693441,0.025933993373485002,-0.27056518933476803,-0.421741080129577,0.6773909916194379,-1.0075668122418102,0.310585680389228,-0.6256374258611089
2020-10-15,1.61969876216043,1.6544954174570399,1.71060493467823,1.71361898517183,1.71361898517183,-0.48334970049501097,0.0633866282328538,-0.27056518933476803,-0.421741080129577,0.6773909916194379,-0.726491375803404,0.684106777610524,0.0783725383269959
2020-10-16,1.62388508723629,1.58242489987401,1.67111322175921,1.61529959385126,1.61529959385126,-0.768541104801837,0.0474493368033349,-0.27056518933476803,-0.421741080129577,0.6773909916194379,-0.16434050292659802,0.9202736053731421,0.29251473419335805
2020-10-19,1.6565069210673002,1.5776356798516398,1.6413927399280301,1.5423912164801001,1.5423912164801001,-0.835303967694808,0.025933993373485002,-0.27056518933476803,-0.421741080129577,0.6773909916194379,-0.557846113940362,1.0715180187270201,0.0937683824742507
2020-10-20,1.59173714629801,1.5085003212263501,1.56012939111144,1.47241157354677,1.47241157354677,-0.7543564454459479,0.021949670516105,-0.27056518933476803,-0.421741080129577,0.6773909916194379,-0.7827064630910849,0.523407439575515,-0.5262642500015561
2020-10-21,1.47728446150812,1.39070000777026,1.48016889264882,1.4020364438828201,1.4020364438828201,-0.861110182538575,0.0482462013748107,-0.27056518933476803,-0.421741080129577,0.6773909916194379,-0.7827064630910849,0.946884920657501,-0.42269220755638703
2020-10-22,1.4058009460663403,1.39996963332771,1.49808273488373,1.4075779049360702,1.4075779049360702,-0.8446482330553501,-0.0736740780610066,-0.27056518933476803,-0.421741080129577,0.6773909916194379,0.0605198462241247,0.8914962527981949,0.240728712970774
2020-10-23,1.55761476485533,1.49482784522544,1.5246277286493302,1.43251396907911,1.43251396907911,-0.668948845872803,0.0211528059446293,-0.27056518933476803,-0.421741080129577,0.6773909916194379,-0.33298576478964,1.04377211248092,0.52345239640218
2020-10-26,1.39900790202957,1.32226007267412,1.3851447589867698,1.39166621167946,1.39166621167946,-0.813612087747087,-0.024268474629499,-0.27056518933476803,-0.421741080129577,0.6773909916194379,-0.726491375803404,1.35595653467987,0.111963471011915
2020-10-27,1.31836182279621,1.34442966681297,1.4064783594790602,1.3888954851109498,1.3888954851109498,-0.939872612640963,-0.15575112892302803,-0.27056518933476803,-0.421741080129577,0.6773909916194379,-0.9513517249541271,0.9221302087650741,-0.601843848542625
2020-10-28,1.41417359621806,1.38104424437222,1.4887187809202502,1.42372683165097,1.42372683165097,-1.06785954472651,-0.10315806720561697,-0.27056518933476803,-0.421741080129577,0.6773909916194379,-1.17621207410485,1.2287792023325201,-0.35830958657695794
2020-10-29,1.35667076627699,1.2891214231705501,1.3739079148907398,1.2760100243639199,1.2760100243639199,-1.00412999540396,-0.25137487750014,-0.27056518933476803,-0.421741080129577,0.6773909916194379,-1.11999698681717,1.46154225720993,0.31770793370704803
2020-10-30,1.3051708139731102,1.2849500715857098,1.3776534427348999,1.31408705519506,1.31408705519506,-1.06857868897725,-0.354967271792011,-0.27056518933476803,-0.421741080129577,0.6773909916194379,-1.17621207410485,1.5730072238144401,0.30231208955979305
2020-11-02,1.2810006887971102,1.20407338191451,1.15495297900655,1.13367644069025,1.13367644069025,-0.6109079119695451,-0.373295156935958,-0.27056518933476803,-0.421741080129577,0.6773909916194379,-1.06378189952949,1.90853671458972,0.28971548980294803
2020-11-03,1.17910697133606,1.19936148524543,1.26235404446439,1.23239178579877,1.23239178579877,-0.92185021233162,-0.257749794071947,-0.27056518933476803,-0.421741080129577,0.6773909916194379,-1.23242716139253,1.66343068531039,-0.4492850292652821
2020-11-04,1.3033542614117901,1.35995597214019,1.3795263328674499,1.4175521833514801,1.4175521833514801,-0.79898257313353,-0.22667207578438603,-0.27056518933476803,-0.421741080129577,0.6773909916194379,-1.23242716139253,1.7625182959686898,-0.288328476816709
2020-11-05,1.46835884416291,1.41889479054487,1.46429094747901,1.39443693824797,1.39443693824797,-0.8498896882674549,-0.10634552549152,-0.27056518933476803,-0.421741080129577,0.6773909916194379,-2.0194383834200598,2.06682934452408,0.440874686885086
2020-11-06,1.45003370868101,1.45442804619732,1.52047491553821,1.52988344495447,1.52988344495447,-0.9358320361296091,-0.123079681492515,-0.27056518933476803,-0.421741080129577,0.6773909916194379,-1.79457803426934,2.40284017691949,0.47726486396041495
2020-11-09,1.5116440342581499,1.4279326855053798,1.5227548385167802,1.46544549264494,1.46544549264494,-1.09045957478574,-0.23384385692767,-0.27056518933476803,-0.421741080129577,0.6773909916194379,-1.23242716139253,3.0880299731752996,0.625624816652143
2020-11-10,1.5384997078348401,1.55098568017772,1.49604708209696,1.39665347358867,1.39665347358867,-0.787888851086098,-0.00673745405702853,-0.27056518933476803,-0.421741080129577,0.6773909916194379,-0.9513517249541271,2.6842874985186698,-0.42269220755638703
2020-11-11,1.3851851044719299,1.30063101589491,1.2927260736117199,1.3103664131813402,1.3103664131813402,-0.8927363949243661,0.0984486693777947,-0.27056518933476803,-0.421741080129577,0.6773909916194379,-1.23242716139253,3.65412209999311,-0.11477532461129099
2020-11-12,1.35643381193189,1.28989393059006,1.4112009680904298,1.36395942096791,1.36395942096791,-1.1906856948332198,0.11837028366469302,-0.27056518933476803,-5.13935641832322,0.6773909916194379,-1.23242716139253,3.9419987703754598,0.9391401883780591
2020-11-13,1.3453753843159801,1.3231096639839899,1.40256981655974,1.3214493273716101,1.3214493273716101,-1.13312188548093,0.091276888234511,-0.27056518933476803,-0.421741080129577,0.6773909916194379,-1.40107242325557,3.8055728026127498,1.89788139209347
,1.31220081235498,1.2422329820373998,1.3385690150828502,1.29564235171802,1.29564235171802,-1.13505804307907,0.0394806910885755,-0.27056518933476803,-0.421741080129577,0.6773909916194379,-1.23242716139253,4.16186874614223,-0.183356812176335
