"drop","Open","High","Low","Close","Adj.Close","Volume","OilPrice","deaths","DPRIME","TOTALSA","GoogleTrend","new_cases","new_deaths"
"1",-1.26239399861971,-1.27900271035149,-1.24522807702937,-1.25692884712317,-1.25692884712317,-0.492221451203626,2.07467280663811,-0.270565189334768,1.75561984519057,1.1462680089485,-1.17621207410485,-1.121508784132,-1.06511879515547
"2",-1.23711805753783,-1.24300599350515,-1.22045825391995,-1.23674251061446,-1.23674251061446,0.458155335540017,2.23643631464772,-0.270565189334768,1.75561984519057,1.1462680089485,-1.00756681224181,-1.121508784132,-1.06511879515547
"3",-1.23716541839164,-1.24677565760802,-1.21544242988118,-1.22323741336661,-1.22323741336661,-0.422969242827334,2.32966946951041,-0.270565189334768,1.75561984519057,1.1462680089485,-1.45728751054325,-1.121508784132,-1.06511879515547
"4",-1.20410131032997,-1.21576907018424,-1.19368539732401,-1.19549898150006,-1.19549898150006,0.470094974061874,2.20934291921754,-0.270565189334768,1.75561984519057,1.1462680089485,-1.17621207410485,-1.121508784132,-1.06511879515547
"5",-1.1846704142334,-1.1742724459556,-1.16946921477431,-1.15895764308336,-1.15895764308336,1.99853005132608,2.09539128549648,-0.270565189334768,1.75561984519057,1.1462680089485,-1.00756681224181,-1.121508784132,-1.06511879515547
"6",-1.14770430419352,-1.17379348919262,-1.1619129286281,-1.17605671481402,-1.17605671481402,1.68691240075418,2.03722017177874,-0.270565189334768,1.75561984519057,1.1462680089485,-1.11999698681717,-1.121508784132,-1.06511879515547
"7",-1.1718902189537,-1.19520613327794,-1.16056124703507,-1.18110727486567,-1.18110727486567,-0.0972222516880602,2.05236059863678,-0.270565189334768,1.75561984519057,1.1462680089485,-1.28864224868021,-1.121508784132,-1.06511879515547
"8",-1.15339140594455,-1.13234325125134,-1.13075925766631,-1.1071538685949,-1.1071538685949,1.46531455374813,1.84278521633861,-0.270565189334768,1.75561984519057,1.1462680089485,-1.00756681224181,-1.121508784132,-1.06511879515547
"9",-1.07320338262729,-1.09869482378802,-1.0771808681759,-1.08647668649817,-1.08647668649817,1.75096694795927,1.86748801805437,-0.270565189334768,1.75561984519057,1.1462680089485,-0.895136637666446,-1.121508784132,-1.06511879515547
"10",-1.09610968547322,-1.11347973642771,-1.09038819159908,-1.11722333171075,-1.11722333171075,0.410938444590163,1.77505172776316,-0.270565189334768,1.75561984519057,1.1462680089485,-1.06378189952949,-1.121508784132,-1.06511879515547
"11",-1.15299644517525,-1.14960003932093,-1.13048244145775,-1.12515538216395,-1.12515538216395,0.914327895358687,1.88183158034093,-0.270565189334768,1.75561984519057,1.1462680089485,-1.11999698681717,-1.121508784132,-1.06511879515547
"12",-1.13110111014772,-1.14773064490402,-1.1125849333008,-1.12988928526266,-1.12988928526266,-0.0200525417050927,1.83561343519533,-0.270565189334768,1.75561984519057,1.1462680089485,-1.28864224868021,-1.121508784132,-1.06511879515547
"13",-1.09533560880999,-1.0968872571553,-1.07146478772109,-1.07178415536268,-1.07178415536268,0.461036522442009,1.88183158034093,2.58969538363278,1.75561984519057,1.1462680089485,-1.23242716139253,-1.12147440258771,-1.06511879515547
"14",-1.02955492941223,-1.02594444004184,-1.0214854323577,-1.03638278514301,-1.03638278514301,2.02442615920119,1.80453571690777,-0.270565189334768,1.75561984519057,1.1462680089485,-0.838921550378766,-1.121508784132,-1.06511879515547
"15",-1.04162420636542,-1.04525596683792,-1.02718523573282,-1.03220302577475,-1.03220302577475,0.673956234499256,1.681021708329,-0.270565189334768,1.75561984519057,1.1462680089485,-1.00756681224181,-1.121508784132,-1.06511879515547
"16",-1.03154540436179,-1.05783162536291,-1.02936750437591,-1.04388741481024,-1.04388741481024,0.0634442547146503,1.61328821975354,-0.270565189334768,1.75561984519057,1.1462680089485,-1.23242716139253,-1.121508784132,-1.06511879515547
"17",-1.07678936385836,-1.07238481513027,-1.05376271851689,-1.05465348997438,-1.05465348997438,-0.0224727387027664,1.46029022203017,-0.270565189334768,1.75561984519057,1.1462680089485,-1.51350259783093,-1.12140563949912,-1.06511879515547
"18",-1.03492607360606,-1.05327412821287,-1.02314654945953,-1.04059426482852,-1.04059426482852,-0.23217704617739,1.39654105631209,-0.270565189334768,1.75561984519057,1.1462680089485,-1.34485733596789,-1.121508784132,-1.06511879515547
"19",-1.023551870104,-1.03320559729099,-1.00791984218666,-1.01828633227654,-1.01828633227654,0.46080602748985,1.46268081574459,-0.270565189334768,1.75561984519057,1.1462680089485,-0.614061201228043,-1.121508784132,-1.06511879515547
"20",-0.933932741582947,-0.938841783653077,-0.925565489330299,-0.923576565817417,-0.923576565817417,1.75206179898203,1.46985259688788,-0.270565189334768,1.75561984519057,1.1462680089485,0.172950020799486,-1.121508784132,-1.06511879515547
"21",-0.921958257426037,-0.935566463737744,-0.901919346559174,-0.908124132407419,-0.908124132407419,0.220837732796697,1.33119816145106,2.58969538363278,1.75561984519057,1.1462680089485,-0.782706463091085,-1.12147440258771,-1.06511879515547
"22",-0.868736482167181,-0.729875599048844,-0.83514995958094,-0.703204692472346,-0.703204692472346,3.8527697434676,1.33518248430844,-0.270565189334768,1.75561984519057,1.10755646706201,-0.164340502926598,-1.12140563949912,-1.06511879515547
"23",-0.538142651821971,-0.447386531003526,-0.574000086016075,-0.533702439376326,-0.533702439376326,5.43227097738272,1.03476454086202,-0.270565189334768,1.75561984519057,1.10755646706201,2.42155351230671,-1.121508784132,-1.06511879515547
"24",-0.632453640669903,-0.637427442521433,-0.785333375014372,-0.77492568345322,-0.77492568345322,3.98994881424526,1.02679589514726,-0.270565189334768,1.75561984519057,1.10755646706201,1.97183281400527,-1.121508784132,-1.06511879515547
"25",-0.82729978714373,-0.714905280302691,-0.813197488071019,-0.752348567555136,-0.752348567555136,3.00538962609638,1.14313812258274,-0.270565189334768,1.75561984519057,1.10755646706201,0.51024054452557,-1.12147440258771,-1.06511879515547
"26",-0.77891204165932,-0.755196872983863,-0.743170983350451,-0.7537577270145,-0.7537577270145,0.375753390143031,1.12879456029618,-0.270565189334768,1.75561984519057,1.10755646706201,-0.38920085207732,-1.121508784132,-1.06511879515547
"27",-0.669198530657665,-0.677579953586619,-0.706692117981971,-0.717010614221293,-0.717010614221293,1.254596068484,1.07699836315024,-0.270565189334768,1.75561984519057,1.10755646706201,-0.670276288515724,-1.121508784132,-1.06511879515547
"28",-0.718502506455386,-0.73393875201135,-0.697572312071128,-0.712102474990131,-0.712102474990131,-0.242664566500642,0.986155802001985,-0.270565189334768,1.75561984519057,1.10755646706201,-0.838921550378766,-1.12147440258771,-1.06511879515547
"29",-0.704158320872608,-0.724298430110136,-0.688827229125274,-0.72332779416843,-0.72332779416843,-0.20520913677474,1.03476454086202,-0.270565189334768,1.75561984519057,1.10755646706201,-1.00756681224181,-1.121508784132,-1.06511879515547
"30",-0.761076722932934,-0.680654310029501,-0.73502837220337,-0.665206784319258,-0.665206784319258,1.43900355495913,1.15748168486931,-0.270565189334768,1.75561984519057,1.10755646706201,-0.726491375803404,-1.12147440258771,-1.06511879515547
"31",-0.689387713833288,-0.688425361107572,-0.65278795076218,-0.671492315195176,-0.671492315195176,0.217887397409057,1.22123085058739,-0.270565189334768,1.75561984519057,1.10755646706201,-0.895136637666446,-1.12147440258771,-1.06511879515547
"32",-0.603480946406698,-0.61576762634234,-0.576475447947399,-0.579078325498185,-0.579078325498185,0.297177660951891,1.30330790144941,-0.270565189334768,1.75561984519057,1.10755646706201,-0.951351724954127,-1.121508784132,-1.06511879515547
"33",-0.474099640254552,-0.484789173348279,-0.464661152388731,-0.485635186850779,-0.485635186850779,1.33916466643129,1.3399636717373,-0.270565189334768,1.75561984519057,1.10755646706201,-0.501631026652682,-1.121508784132,-1.06511879515547
"34",-0.492345717233161,-0.535431721218316,-0.531560747861819,-0.514149353443663,-0.514149353443663,0.441605797974972,1.30171417230645,-0.270565189334768,1.75561984519057,1.10755646706201,-0.670276288515724,-1.121508784132,-1.06511879515547
"35",-0.500197089942128,-0.533794057398344,-0.498159846505213,-0.511632049015452,-0.511632049015452,0.0589726526427579,1.49057107574625,-0.270565189334768,1.75561984519057,1.10755646706201,-0.951351724954127,-1.12147440258771,-1.06511879515547
"36",-0.607588323561649,-0.61036042201327,-0.593021217513046,-0.618041965715864,-0.618041965715864,0.160090788155087,1.47861810717411,8.31021652956787,1.75561984519057,1.10755646706201,-0.782706463091085,-1.121508784132,-1.06511879515547
"37",-0.591790840638626,-0.621020307558599,-0.650345265129389,-0.67168232044965,-0.67168232044965,0.401914567213123,1.40132224374095,-0.270565189334768,1.75561984519057,1.10755646706201,-0.782706463091085,-1.12088991633469,-1.06511879515547
"38",-0.696844125772955,-0.687900018057222,-0.668079823352066,-0.705104626273696,-0.705104626273696,0.0325464063776826,1.25071483973199,-0.270565189334768,1.75561984519057,1.10755646706201,-1.00756681224181,-1.121508784132,-1.06511879515547
"39",-0.779780911118827,-0.8015136543008,-0.842510814917012,-0.863112432258898,-0.863112432258898,1.20711410833917,1.13756007058241,-0.270565189334768,1.75561984519057,1.10755646706201,-0.726491375803404,-1.12130249486623,-1.06511879515547
"40",-0.938229649039268,-0.877601000355855,-0.936118288949083,-0.880543930064518,-0.880543930064518,1.24019013397404,1.11126353972371,-0.270565189334768,1.75561984519057,1.10755646706201,-0.501631026652682,-1.12147440258771,-1.06511879515547
"41",-0.809385402015314,-0.795457466802221,-0.813734851551059,-0.760803160164925,-0.760803160164925,0.736650861486613,0.890532053424873,-0.270565189334768,1.75561984519057,-1.07385909753312,1.91561772671759,-1.1208211532461,-1.06371917296027
"42",-0.661299789196153,-0.697679429299032,-0.765791157117043,-0.757810779270722,-0.757810779270722,1.38076900529606,0.820407971134991,-0.270565189334768,1.75561984519057,-1.07385909753312,1.80318755214222,-1.12102744251187,-1.05952030637465
"43",-0.72613260382105,-0.760186940609527,-0.751753303642086,-0.751493718066974,-0.751493718066974,0.143587349580474,0.916828584283579,2.58969538363278,1.02983287008385,-1.07385909753312,1.52211211570382,-1.12075239015751,-1.06091992856986
"44",-0.789622758777354,-0.792275027606167,-0.76259926983261,-0.791011430769076,-0.791011430769076,-0.340025634292773,0.894516376282252,-0.270565189334768,1.02983287008385,-1.07385909753312,1.24103667926542,-1.12033981162597,-1.06231955076506
"45",-0.84297084281092,-0.852140760674011,-0.817643272331214,-0.824354621831302,-0.824354621831302,-0.131404653093299,0.864235522566167,-0.270565189334768,1.02983287008385,-1.07385909753312,1.52211211570382,-1.11896454985417,-1.06371917296027
"46",-0.976633322126396,-0.920117242300881,-0.946736262027489,-0.975522879869743,-0.975522879869743,0.376928914399044,0.818814241992039,-0.270565189334768,1.02983287008385,-1.07385909753312,2.42155351230671,-1.1173486172723,-1.05952030637465
"47",-0.89126373230912,-0.912392631582449,-0.941850711624462,-0.916420368833953,-0.916420368833953,0.206443323034343,0.365398300822233,-0.270565189334768,1.02983287008385,-1.07385909753312,1.91561772671759,-1.11463247527299,-1.05812068417945
"48",-0.921642363058766,-0.934670432068238,-0.933708100477381,-0.933994334957411,-0.933994334957411,-0.0553874178711289,-0.452981614083551,-0.270565189334768,1.02983287008385,-1.07385909753312,1.40968194112846,-1.11219138562805,-1.06231955076506
"49",-1.01533717108529,-1.02594444004184,-1.0424119430057,-1.05064784007895,-1.05064784007895,0.588454131995726,-0.433856864368129,-0.270565189334768,1.02983287008385,-1.07385909753312,1.74697246485454,-1.11164128091932,-1.06231955076506
"50",-0.993046930579641,-1.00575232307308,-1.11447403537215,-1.07270247715025,-1.07270247715025,1.0184655147443,-0.523105696373433,-0.270565189334768,1.02983287008385,-1.07385909753312,1.85940263942991,-1.10944086208444,-1.05112257320342
"51",-1.1913053254661,-1.17986505639114,-1.21190855292857,-1.23348100178774,-1.23348100178774,0.770591243192085,-0.796430244389679,-0.270565189334768,-0.421741080129577,-1.07385909753312,1.40968194112846,-1.09321277317718,-1.04832332881301
"52",-1.23789212630232,-1.21542913324035,-1.28709743240333,-1.25702384975041,-1.25702384975041,1.17454517159904,-0.698415902098139,-0.270565189334768,-0.421741080129577,-1.07385909753312,1.46589702841614,-1.0910123543423,-1.04272484003219
"53",-1.3184750550977,-1.31892349081973,-1.36117890861948,-1.36623608667697,-1.36623608667697,1.15052759758403,-1.03867707411836,-0.270565189334768,-0.421741080129577,-1.07385909753312,2.30912333773135,-1.06079097690696,-1.03292748466576
"54",-1.34106546357636,-1.24609584551714,-1.34823212432517,-1.26107696533644,-1.26107696533644,1.88918324602166,-1.03947393868984,-0.270565189334768,-0.421741080129577,-1.07385909753312,2.02804790129295,-1.01877672977843,-1.00633466295686
"55",-1.24075147071139,-1.20747279192498,-1.23858375518902,-1.2612511460553,-1.2612511460553,1.66906056670943,-1.45224978671437,-0.270565189334768,-0.421741080129577,-1.07385909753312,1.46589702841614,-0.955274017465491,-1.06511879515547
"56",-1.2480182970585,-1.261545066954,-1.26348385193418,-1.2505483690336,-1.2505483690336,0.305567677210493,-1.35742290270874,-0.270565189334768,-0.421741080129577,-1.07385909753312,0.903746155539334,-0.830675300940272,-0.881768287583621
"57",-1.17898331248237,-1.15078962164696,-1.16007264965319,-1.13859711793955,-1.13859711793955,1.04784209639702,-1.23231516498701,-0.270565189334768,-0.421741080129577,-1.07385909753312,1.12860650469006,-0.735197752432951,-0.89856375392608
"58",-1.07163938442546,-1.08387902043007,-1.09963821414738,-1.08437098623655,-1.08437098623655,0.855090692653721,-1.37575078785268,-0.270565189334768,-0.421741080129577,-1.07385909753312,1.07239141740238,-0.819329391322909,-0.769798511967222
"59",-1.06825877047238,-1.07924426944824,-1.09778172323368,-1.10192912782439,-1.10192912782439,0.412309889555512,-1.31598594499199,-0.270565189334768,-0.421741080129577,-1.07385909753312,0.678885806388612,-0.641439281140381,-0.716612868549433
"60",-1.13522427688685,-1.13208057586386,-1.12745337382582,-1.12377792718938,-1.12377792718938,0.0661871446453472,-1.22673711298668,-0.270565189334768,-0.421741080129577,-1.07385909753312,0.566455631813251,-0.544001984608243,-0.720811735135048
"61",-1.12691478507186,-1.14621662892782,-1.13201321978296,-1.14314100786757,-1.14314100786757,-0.208021175191084,-1.3916880792822,-0.270565189334768,-0.421741080129577,-1.07385909753312,-0.108125415638917,-0.490263630875098,-0.620038937080289
"62",-1.14114833298298,-1.10556971960282,-1.12261664651923,-1.10851543570405,-1.10851543570405,0.457348603207459,-1.48412436957341,-0.270565189334768,-0.421741080129577,-1.07385909753312,-0.108125415638917,-0.379039335080649,-0.139968524124981
"63",-1.13680400148293,-1.15038792644038,-1.1582813240565,-1.1757084167061,-1.1757084167061,-0.0518493203554821,-1.73912103244571,2.58969538363278,-0.421741080129577,-2.14700699935935,0.00430475893644408,-0.262038939844634,0.207137780285854
"64",-1.1730908355546,-1.18080747434801,-1.20501989575552,-1.21859852081135,-1.21859852081135,0.697858561038186,-2.08496025646626,-0.270565189334768,-0.421741080129577,-2.14700699935935,0.397810369950209,-0.189665789103579,0.417081109566601
"65",-1.12811539377401,-1.14800875406371,-1.16920867564544,-1.17816242299187,-1.17816242299187,-1.07072690193138,-2.07539788160855,2.58969538363278,-0.421741080129577,-2.14700699935935,0.285380195374847,-0.130667059093293,0.215535513457084
"66",-1.12542985327206,-1.13949625622583,-1.12105325703638,-1.1208014341606,-1.1208014341606,-1.24729295013404,-1.65545025244074,-0.270565189334768,-0.421741080129577,-2.14700699935935,-0.220555590214278,-0.248286322126619,0.538848240549434
"67",-1.07203434519476,-1.0715196587298,-1.06506467093165,-1.07455488193119,-1.07455488193119,-1.17772957357234,-1.32953264270708,-0.270565189334768,-0.421741080129577,-2.14700699935935,-0.164340502926598,-0.0707744089313363,0.813174190809611
"68",-1.05750069250054,-1.08355459450451,-1.06345245020975,-1.06918766492662,-1.06918766492662,-1.29905750649,-1.46898394271537,-0.270565189334768,-0.421741080129577,-2.14700699935935,-0.0519103283512366,-0.0689865686279943,1.60256110890522
"69",-1.04503645477805,-1.05579232813325,-1.02472621602207,-1.03093646129284,-1.03093646129284,-1.27614630824536,-1.50723344214621,-0.270565189334768,-0.421741080129577,-2.14700699935935,-0.220555590214278,0.0241874164115594,1.6249550640285
"70",-1.00069292811187,-0.937111478576759,-0.986586176553472,-0.907522467572779,-0.907522467572779,-1.0727252931666,-1.25861169584572,-0.270565189334768,-0.421741080129577,-2.14700699935935,0.116734933511805,-0.171890530703044,1.034314497652
"71",-0.82880045323652,-0.798253775882293,-0.804354628650511,-0.814206036037409,-0.814206036037409,-0.885999027472747,-1.65624711701221,-0.270565189334768,-0.421741080129577,-2.14700699935935,0.397810369950209,-0.261179401237258,1.0916990076554
"72",-0.760823979003648,-0.780873401765822,-0.775741427938777,-0.782636079580723,-0.782636079580723,-1.04733396923672,-1.53592056671935,-0.270565189334768,-0.421741080129577,-2.14700699935935,0.454025457237889,-0.19588884862098,2.30517145089812
"73",-0.800412423816296,-0.77110955561461,-0.781083029706929,-0.758285736993325,-0.758285736993325,-1.11461775072157,-1.69051229358568,-0.270565189334768,-0.421741080129577,-2.14700699935935,0.285380195374847,-0.0849739867251871,5.83221938281467
"74",-0.712989200712734,-0.747163216039808,-0.714411297064182,-0.744543224213978,-0.744543224213978,-1.28817353484903,-1.7789642610195,-0.270565189334768,-0.421741080129577,-2.14700699935935,0.285380195374847,-0.0327484209410239,2.15261263162078
"75",-0.775515646020801,-0.761654639819861,-0.772142385669156,-0.756465036697184,-0.756465036697184,-1.25087023179156,-1.69449661644306,-0.270565189334768,-0.421741080129577,-2.14700699935935,-0.108125415638917,-0.275688412929764,1.41501173474775
"76",-0.779591325526268,-0.78056447140936,-0.834710250436386,-0.850889850688179,-0.850889850688179,-1.12496236417448,-1.8849472490258,-0.270565189334768,-0.421741080129577,-2.14700699935935,0.0605198462241247,-0.156590743491752,1.53397962134018
"77",-0.820885922190827,-0.810427793272984,-0.810412633632606,-0.779026328059659,-0.779026328059659,-1.26289745839523,-2.54156365592197,-0.270565189334768,-0.421741080129577,-2.14700699935935,-0.108125415638917,0.160544621085681,2.4675276255419
"78",-0.783572275425387,-0.810427793272984,-0.786929318656589,-0.820950581356933,-0.820950581356933,-1.2856726646181,-2.17102163018566,-0.270565189334768,-0.421741080129577,-2.14700699935935,-0.276770677501959,-0.516806183070868,1.3436310027923
"79",-0.810096257151885,-0.815479742755113,-0.794990544405256,-0.790045698704486,-0.790045698704486,-1.28565192007241,-2.06822610046527,2.58969538363278,-0.421741080129577,-2.14700699935935,-0.445415939365001,-0.2089194539088,3.38428016340116
"80",-0.767759002918182,-0.709250903879853,-0.73502837220337,-0.6735188452814,-0.6735188452814,-1.114076087584,-2.00368007017572,-0.270565189334768,-0.421741080129577,-2.14700699935935,0.00430475893644408,-0.198123649000158,1.29604384815533
"81",-0.676086185819654,-0.700738344245088,-0.699705749475164,-0.720430360487883,-0.720430360487883,-1.2399125017659,-2.05946059017903,-0.270565189334768,-0.421741080129577,-2.14700699935935,0.172950020799486,-0.346514394177543,0.850963990080145
"82",-0.684727480067221,-0.703519211828334,-0.656598709064236,-0.670732294177281,-0.670732294177281,-1.21700130352125,-2.02519541360557,-0.270565189334768,-0.421741080129577,-2.14700699935935,1.5783272029915,-0.291813357204137,1.88808403672704
"83",-0.582012269797948,-0.600596452268287,-0.688615513092839,-0.700228136113753,-0.700228136113753,-0.934508995104214,-1.84510402045201,-0.270565189334768,-0.421741080129577,-2.14700699935935,1.46589702841614,-0.181998704725785,2.58929475652473
"84",-0.740287203811269,-0.750531177211487,-0.819646370958618,-0.827774360181666,-0.827774360181666,-0.840930349477019,-1.82518240616511,-0.270565189334768,-0.421741080129577,-0.810860034437192,1.85940263942991,-0.0929161234573409,1.79011048306269
"85",-0.825593635291819,-0.767170042771264,-0.795283645836106,-0.732985478960722,-0.732985478960722,-1.14736647352438,-1.79490155244902,2.58969538363278,-0.421741080129577,-0.810860034437192,0.397810369950209,-0.262932859996305,0.750191192025387
"86",-0.685327816013262,-0.710131494052533,-0.690765097294779,-0.721871169018465,-0.721871169018465,-1.19912181008225,-1.64270041929712,2.58969538363278,-0.421741080129577,-0.810860034437192,0.454025457237889,-0.344726553874201,0.687208193241162
"87",-0.706322591830545,-0.724221106756845,-0.69250765679331,-0.699119872401517,-0.699119872401517,-1.33438777275699,-1.2394869461303,-0.270565189334768,-0.421741080129577,-0.810860034437192,0.397810369950209,-0.301818386593993,1.93567119136401
"88",-0.705200986340493,-0.714024682405401,-0.67420305879206,-0.703141394329909,-0.703141394329909,-1.32506425194215,-1.33989188213627,-0.270565189334768,-0.421741080129577,-0.810860034437192,0.229165108087167,-0.291950883381317,2.22819223016185
"89",-0.679040378316191,-0.671384800341216,-0.650328988049706,-0.640793143589424,-0.640793143589424,-1.2189812551603,-1.33750128842184,-0.270565189334768,-0.421741080129577,-0.810860034437192,0.566455631813251,-0.14613875402606,2.06863529990848
"90",-0.684190302457906,-0.671384800341216,-0.653602260732555,-0.653664982344999,-0.653664982344999,-1.2100034767737,-1.23390889412997,-0.270565189334768,-0.421741080129577,-0.810860034437192,1.46589702841614,-0.425007459803115,-0.0377961038750174
"91",-0.626545374157951,-0.641583236740285,-0.616146200600313,-0.656641419960204,-0.656641419960204,-1.2241259024925,-1.14306633298171,-0.270565189334768,-0.421741080129577,-0.810860034437192,1.80318755214222,-0.498618346138792,0.552844462501484
"92",-0.636292373729007,-0.668295002401507,-0.688941160540444,-0.685852317344773,-0.685852317344773,-1.15132176690343,-1.04584885526165,-0.270565189334768,-0.421741080129577,-0.810860034437192,1.12860650469006,-0.363464495514997,1.31843780327861
"93",-0.700793496503711,-0.703272039734566,-0.687801203122464,-0.666267582340892,-0.666267582340892,-1.27643442693556,-0.888069670109411,2.58969538363278,-0.421741080129577,-0.810860034437192,0.566455631813251,-0.406991530592515,1.37862155767242
"94",-0.684443046387192,-0.700661136760957,-0.651078067562182,-0.672853882304323,-0.672853882304323,-0.378552865546217,-0.80200829639001,-0.270565189334768,-0.421741080129577,-0.810860034437192,0.454025457237889,-0.188290527331777,1.41641135694296
"95",-0.625313123097506,-0.654823258134731,-0.622855752898564,-0.649960172783117,-0.649960172783117,-0.242595418014994,-0.614745122093166,-0.270565189334768,-0.421741080129577,-0.810860034437192,0.341595282662528,-0.472625898651743,0.0657759385701511
"96",-0.645233772759663,-0.674366515527752,-0.619272987708626,-0.658857955300902,-0.658857955300902,-0.480189614700905,-0.633869871808588,-0.270565189334768,-0.421741080129577,-0.810860034437192,0.397810369950209,-0.37058147518407,0.0419823612516664
"97",-0.636813643273018,-0.668295002401507,-0.609957856841587,-0.646904493746478,-0.646904493746478,-0.748393541033584,-0.49840289465768,-0.270565189334768,-0.421741080129577,-0.810860034437192,0.172950020799486,-0.434909344560087,1.12948880692594
"98",-0.643922581677052,-0.658252985293714,-0.635688540636809,-0.627842190072028,-0.627842190072028,-0.178460197576641,-0.496809165514728,-0.270565189334768,-0.421741080129577,-0.810860034437192,0.0605198462241247,-0.320934525222035,1.05950769716569
"99",-0.634175463624873,-0.659365306063336,-0.609632209393982,-0.644814554690654,-0.644814554690654,-0.43973775059693,-0.574901893519369,-0.270565189334768,-0.421741080129577,-0.810860034437192,-0.108125415638917,-0.247048586531997,0.702604037388417
"100",-0.614697261965683,-0.655008664241194,-0.603590359352402,-0.641663936356584,-0.641663936356584,-0.658454410700986,-0.56294892494723,-0.270565189334768,-0.421741080129577,-0.810860034437192,0.397810369950209,-0.466059023691391,-0.365307697552983
"101",-0.636245004976462,-0.665653108289696,-0.653602260732555,-0.639510699158323,-0.639510699158323,-0.259721192960438,-0.660166402667294,-0.270565189334768,-0.421741080129577,-0.810860034437192,1.85940263942991,-0.471353781512827,-0.0909817472928067
"102",-0.647856162823626,-0.670226155081115,-0.62642224915143,-0.662341110537092,-0.662341110537092,-0.754582330499064,-0.560558331232803,-0.270565189334768,-0.421741080129577,-0.810860034437192,0.903746155539334,-0.477851893384589,1.07070467472733
"103",-0.655375733100019,-0.654390679934498,-0.622318389418523,-0.616126207378905,-0.616126207378905,-0.229411106751477,-0.547011633517712,-0.270565189334768,-0.421741080129577,-0.810860034437192,0.566455631813251,-0.371406632247151,0.579437284210379
"104",-0.655375733100019,-0.654390679934498,-0.622318389418523,-0.616126207378905,-0.616126207378905,-0.229411106751477,-0.340623709505445,-0.270565189334768,-0.421741080129577,-0.810860034437192,-1.17621207410485,-0.371406632247151,0.579437284210379
"105",-0.577573082311681,-0.555515639564742,-0.54107131768161,-0.516223475880104,-0.516223475880104,0.130967750949747,-0.262530981500803,-0.270565189334768,-0.421741080129577,-0.433721778209164,-0.838921550378766,-0.440513536280178,-0.222546233642075
"106",-0.519596351579151,-0.540591753453618,-0.513549373430586,-0.542410343299251,-0.542410343299251,-0.0273707564361537,-0.241812502642429,-0.270565189334768,-0.421741080129577,-0.433721778209164,-1.06378189952949,-0.396539541126824,0.00419256198113197
"107",-0.529991166431174,-0.557153303384714,-0.49872976414462,-0.540193807958553,-0.540193807958553,-0.67461210684736,-0.207547326068964,-0.270565189334768,-0.421741080129577,-0.433721778209164,-1.06378189952949,-0.415174338134735,0.382090554686477
"108",-0.527210769943014,-0.560536706053219,-0.534003555633777,-0.56961040847359,-0.56961040847359,-0.566486924789385,-0.00115940205669697,-0.270565189334768,-0.421741080129577,-0.433721778209164,-1.23242716139253,-0.444226743064042,0.326105666878277
"109",-0.546230978876042,-0.574796283367168,-0.521366214990895,-0.535918974717024,-0.535918974717024,-0.690470159555927,-0.107939254634472,-0.270565189334768,-0.421741080129577,-0.433721778209164,-1.11999698681717,-0.394682937734892,0.384889799076887
"110",-0.481208460177463,-0.476724633410572,-0.451404932585616,-0.434179718386473,-0.434179718386473,0.0428264812439919,-0.0449869534878731,2.58969538363278,-0.421741080129577,-0.433721778209164,-0.670276288515724,-0.354731583264057,-0.068587792169527
"111",-0.448017980151157,-0.469865179092605,-0.427351708112804,-0.448824665087973,-0.448824665087973,-0.278310610852094,0.0131841602298698,-0.270565189334768,-0.421741080129577,-0.433721778209164,-0.38920085207732,-0.47437935741079,-0.375105052919418
"112",-0.366076373039504,-0.357024050268535,-0.331969120422836,-0.315230499832605,-0.315230499832605,0.548613079514974,-0.2593435232149,-0.270565189334768,-0.421741080129577,-0.433721778209164,0.172950020799486,-0.479777259865111,0.333103777854302
"113",-0.368730460752952,-0.370186748309688,-0.349068652687374,-0.397891746696486,-0.397891746696486,0.243564535079614,-0.197188086639777,-0.270565189334768,-0.421741080129577,-0.433721778209164,0.00430475893644408,-0.412767630034082,0.219734380042699
"114",-0.384843838043246,-0.418048544465641,-0.44580279168859,-0.457358380375808,-0.457358380375808,0.341167622571513,-0.125470275206943,-0.270565189334768,-0.421741080129577,-0.433721778209164,-0.33298576478964,-0.33475590602864,0.188942691748189
"115",-0.483119987206115,-0.401270597289879,-0.452479789827475,-0.369298338682167,-0.369298338682167,0.218290763575336,-0.0210810163435953,-0.270565189334768,-0.421741080129577,-0.433721778209164,-0.726491375803404,-0.449590263974068,-0.650830625374799
"116",-0.334528894427124,-0.379579898117133,-0.364718726884231,-0.38318338310916,-0.38318338310916,0.0285818932005409,-0.0433932243449215,-0.270565189334768,-0.421741080129577,-0.433721778209164,-0.501631026652682,-0.435356304635922,-0.512268028049506
"117",-0.372663923418405,-0.391753915507824,-0.331855058725887,-0.367889179222803,-0.367889179222803,-0.450882181533837,0.0586054408039981,2.58969538363278,-0.421741080129577,-0.433721778209164,-0.726491375803404,-0.306494276618119,0.104965360035891
"118",-0.348509579927844,-0.369816051965921,-0.312475733764556,-0.34862104575827,-0.34862104575827,-0.466890055961308,0.104823585949602,-0.270565189334768,-0.421741080129577,-0.433721778209164,-0.782706463091085,-0.242750893495118,-0.00980365997091784
"119",-0.333059689021576,-0.374806119591586,-0.31757294320174,-0.353465886846996,-0.353465886846996,-0.590458399813963,0.174150803668009,-0.270565189334768,-0.421741080129577,-0.433721778209164,-0.614061201228043,-0.167008351413148,-0.0615896811935021
"120",-0.353327820118107,-0.385759609865711,-0.319722649542847,-0.363883600573409,-0.363883600573409,-0.857521376133453,0.135901304237164,-0.270565189334768,-0.421741080129577,-0.433721778209164,-0.614061201228043,-0.234705612130079,-0.706815513182998
"121",-0.355018182385836,-0.380939506849685,-0.313224813277032,-0.352072551923241,-0.352072551923241,-0.857187158452822,-0.0489712763452531,2.58969538363278,-0.421741080129577,-0.433721778209164,-0.726491375803404,-0.0422721087107495,-0.467480117802946
"122",-0.362553542246411,-0.398119033362866,-0.379782484222831,-0.416874816865727,-0.416874816865727,-0.327705679099853,0.0131841602298698,-0.270565189334768,-0.421741080129577,-0.433721778209164,-0.670276288515724,0.0722184337917279,0.0909691380838408
"123",-0.425490730009219,-0.421138342405349,-0.405822660525143,-0.377087857487716,-0.377087857487716,-0.524214150563351,-0.00354999577112486,-0.270565189334768,-0.421741080129577,-0.433721778209164,-0.726491375803404,0.0591190654153183,-0.0140025265565328
"124",-0.361495205675466,-0.407203136944688,-0.376965197764219,-0.418632219019431,-0.418632219019431,-0.570267042004799,0.045058743088907,-0.270565189334768,-0.421741080129577,-0.433721778209164,-0.782706463091085,0.286381073205521,2.34576049455906
"125",-0.402205255978166,-0.384029304789393,-0.387306346491457,-0.340087449213824,-0.340087449213824,-0.55050209985713,0.0498399305177628,-0.270565189334768,-0.421741080129577,-0.433721778209164,-0.838921550378766,0.208128678390014,-0.694218913426153
"126",-0.34298048460101,-0.264004349794067,-0.297395577207105,-0.228531906504723,-0.228531906504723,0.359042506111474,0.0928706173774632,-0.270565189334768,-0.421741080129577,-0.433721778209164,-0.501631026652682,0.307250670592609,-0.5948457375666
"127",-0.222129716543657,-0.190404258868851,-0.172373893084371,-0.165487170375556,-0.165487170375556,-0.0548803289763782,0.173353939096532,-0.270565189334768,-0.421741080129577,0.204021000531177,-0.164340502926598,0.387153379534278,0.712401392754852
"128",-0.00336618092437279,-0.0472362311181113,-0.00121629634144091,-0.0245308516870265,-0.0245308516870265,0.397258569179503,0.151838595666682,-0.270565189334768,-0.421741080129577,0.204021000531177,0.566455631813251,0.667981833336151,-0.152565123881826
"129",0.0838516591037069,0.184177718581548,0.129782015507584,0.233411572354972,0.233411572354972,0.779857140268893,0.136698168808639,-0.270565189334768,-0.421741080129577,0.204021000531177,0.847531068251654,0.566384369944313,-0.685821180254923
"130",0.286565094250546,0.264065488139353,0.244869819884824,0.262353096404017,0.262353096404017,0.885861768767001,0.180525720239816,-0.270565189334768,-0.421741080129577,0.204021000531177,0.678885806388612,0.597224615176962,-0.562654427076885
"131",0.286549186185243,0.245155656549854,0.203554170211476,0.224386956065535,0.224386956065535,0.28906423863588,0.211603438527377,-0.270565189334768,-0.421741080129577,0.204021000531177,0.0605198462241247,0.854501711136733,0.578037662015174
"132",0.273895481351316,0.23171491114589,0.268597405052641,0.26935106386384,0.26935106386384,-0.24034809223144,0.106417315092554,-0.270565189334768,-0.421741080129577,0.204021000531177,-0.164340502926598,0.903770464111523,0.0951680046694557
"133",0.272331546339419,0.448560113712205,0.308870629504328,0.507423681690439,0.507423681690439,1.09882757981468,0.17972885566834,-0.270565189334768,-0.421741080129577,0.204021000531177,0.341595282662528,1.04466603263259,0.309310200535818
"134",0.687805157645136,0.828719020638379,0.463743003953096,0.432076995909504,0.432076995909504,2.90219703601462,0.146260543666351,-0.270565189334768,-0.421741080129577,0.204021000531177,1.74697246485454,0.8471096791133,-0.517866516830326
"135",0.525091273107792,0.512025538548671,0.398423197181709,0.46333023999968,0.46333023999968,1.1081050016391,0.155822918524062,-0.270565189334768,-0.421741080129577,0.204021000531177,1.18482159197774,0.876540281029853,-0.505269917073481
"136",0.504554497915413,0.450228652801218,0.440764628579532,0.5095769188887,0.5095769188887,0.295575721034383,0.234712511100179,-0.270565189334768,-0.421741080129577,0.204021000531177,0.341595282662528,1.23424586787543,0.139955914916015
"137",0.400543878248969,0.421972104039303,0.455421475211279,0.437745045331399,0.437745045331399,0.0573591879776421,0.214790896813281,-0.270565189334768,-0.421741080129577,0.204021000531177,0.172950020799486,1.20670625089511,0.268721156874873
"138",0.457872904282913,0.430932683371126,0.494505911005936,0.43806175769791,0.43806175769791,-0.515512966119333,0.200447334526714,-0.270565189334768,-0.421741080129577,0.204021000531177,-0.0519103283512366,1.52346341848529,0.249126446142004
"139",0.466656304788114,0.60472086716985,0.491248915402771,0.663135948400285,0.663135948400285,0.382426219008045,0.182119449382768,-0.270565189334768,-0.421741080129577,0.204021000531177,0.172950020799486,1.00313312712418,-0.484275584145406
"140",0.657679389305897,0.643343920762008,0.605245471461912,0.544962456656534,0.544962456656534,0.271316127319606,0.262602771101837,-0.270565189334768,-0.421741080129577,0.204021000531177,0.51024054452557,0.829643854611421,-0.54445933853922
"141",0.593020260106996,0.568291579847895,0.611759462668243,0.582912891202795,0.582912891202795,0.041259115569308,0.236306240243131,-0.270565189334768,-0.421741080129577,0.204021000531177,2.42155351230671,1.35561271923692,0.558442951282304
"142",0.719321301950138,0.664972738078288,0.479474585687535,0.457424965035713,0.457424965035713,1.21302630386206,0.155026053952586,-0.270565189334768,-0.421741080129577,0.204021000531177,1.91561772671759,1.24559177749279,0.508056552254925
"143",0.303942183288526,0.318910270587882,0.293448670558756,0.305322441930704,0.305322441930704,0.64463727658458,0.181322584811292,-0.270565189334768,-0.421741080129577,0.204021000531177,0.847531068251654,1.05126728913724,0.407283754200166
"144",0.333941634954313,0.447046213605164,0.369109748196548,0.499428451838196,0.499428451838196,0.258800251417351,0.189291230526051,-0.270565189334768,-0.421741080129577,0.204021000531177,0.116734933511805,0.803617025580077,-0.400298252433107
"145",0.442944172338275,0.472939023762629,0.469133559099464,0.399509777060397,0.399509777060397,0.231140857158223,0.166979022524725,-0.270565189334768,-0.421741080129577,0.204021000531177,-0.108125415638917,0.812212411653836,0.440874686885086
"146",0.438205117031164,0.426761331786287,0.489620295462021,0.435322680200618,0.435322680200618,-0.50434548568721,0.198853605383762,-0.270565189334768,-0.421741080129577,0.204021000531177,-0.220555590214278,1.00100147137789,0.677410837874728
"147",0.417668341838785,0.393437392045417,0.463564086358361,0.416925331587019,0.416925331587019,-0.712470902739542,0.156619783095538,-0.270565189334768,-0.421741080129577,0.204021000531177,-0.445415939365001,1.45659131483144,0.974130743258183
"148",0.460321498338499,0.399323499065197,0.382105420728179,0.327108006483063,0.327108006483063,-0.179336078394847,0.168572751667677,-0.270565189334768,-0.421741080129577,0.204021000531177,-0.220555590214278,1.21753643734804,0.834168523737685
"149",0.35637402911004,0.388138278194129,0.420212783898243,0.412983161907224,0.412983161907224,-0.575522326914033,0.218775219670661,-0.270565189334768,-0.421741080129577,0.445469306128361,-0.501631026652682,0.511992766869562,-0.487074828535816
"150",0.428742440557755,0.415328822952291,0.448907239726613,0.416149604776903,0.416149604776903,-0.620964406732259,0.237103104814607,-0.270565189334768,-0.421741080129577,0.445469306128361,-0.670276288515724,0.446530306531809,-0.305123943159169
"151",0.425551175234993,0.372735257653973,0.459183157995952,0.413014810978443,0.413014810978443,-1.01706998201819,0.311211509961869,-0.270565189334768,-0.421741080129577,0.445469306128361,-0.726491375803404,0.856289551440075,0.898551144717114
"152",0.422138863632429,0.399725194271777,0.473758505232728,0.420234306104344,0.420234306104344,-0.90017446703055,0.32077388481958,-0.270565189334768,-0.421741080129577,0.445469306128361,-0.726491375803404,0.6939742808232,0.964333387891748
"153",0.43589851075209,0.37259640777631,0.372383143018564,0.361860111601649,0.361860111601649,-0.565484271747491,0.243478021386415,-0.270565189334768,-0.421741080129577,0.445469306128361,-0.782706463091085,0.932960395218011,1.52138302158333
"154",0.354478410146692,0.307323354510234,0.324879027447324,0.307808097287697,0.307808097287697,-0.723845828628608,0.253040396244126,-0.270565189334768,-0.421741080129577,0.445469306128361,-0.670276288515724,0.489163421457657,-0.347112609015318
"155",0.272331546339419,0.249388774121997,0.290940632328899,0.237860340912362,0.237860340912362,-0.596670238774658,0.212400303098853,-0.270565189334768,-0.421741080129577,0.445469306128361,-0.108125415638917,0.581409104801245,-0.333116387063268
"156",0.389232825184894,0.50430092783024,0.40493718838804,0.523430314244475,0.523430314244475,0.933009511231207,0.32475820767696,5.44995595660033,-0.421741080129577,0.445469306128361,1.07239141740238,0.487994448951626,0.440874686885086
"157",0.61197742918442,0.606543813502514,0.620325505880195,0.628304601860264,0.628304601860264,0.763192355227768,0.307227187104489,2.58969538363278,-0.421741080129577,0.445469306128361,0.397810369950209,0.801829185276735,1.02031827569995
"158",0.697267834118544,0.63376548071726,0.717027212861213,0.675342705435395,0.675342705435395,-0.141235262802898,0.306430322533013,-0.270565189334768,-0.421741080129577,0.445469306128361,0.0605198462241247,0.635181840078684,0.450672042251521
"159",0.716240674299027,0.90730929505842,0.79224871163623,0.968132181809635,0.968132181809635,0.742102067105183,0.310414645390393,-0.270565189334768,-0.421741080129577,0.445469306128361,0.566455631813251,0.32609175686629,-0.265934521693429
"160",1.06692907669463,1.02787503460092,1.07281046432179,1.0495902098314,1.0495902098314,0.307872626732087,0.344679821963858,-0.270565189334768,-0.421741080129577,0.445469306128361,0.791315980963973,0.0837706326748607,-0.442286918289257
"161",1.01323340064431,1.00794563936731,1.06645923576968,1.03603759147936,1.03603759147936,-0.18414189814737,0.334320582534671,-0.270565189334768,-0.421741080129577,0.445469306128361,0.51024054452557,0.394407885380531,0.787980991295921
"162",1.00640877743919,1.17941653264583,1.09227117468154,1.2312517463557,1.2312517463557,0.784686009516632,0.282524385388736,-0.270565189334768,-0.421741080129577,0.445469306128361,1.07239141740238,0.509070335604484,0.83276890154248
"163",1.29720892207361,1.29296817116378,1.36584681128124,1.30748504152318,1.30748504152318,0.885850244019393,0.233118781957227,-0.270565189334768,-0.421741080129577,0.445469306128361,1.5783272029915,0.391451072571158,0.443673931275496
"164",1.42599012924196,1.34473848130027,1.20701694053493,1.25083648135958,1.25083648135958,0.72150734312974,0.272165145959548,2.58969538363278,-0.421741080129577,0.445469306128361,0.959961242827015,0.0648607833125897,-0.443686540484462
"165",1.18683191678919,1.18862416047765,1.27293958552259,1.26530736608561,1.26530736608561,-0.362360595157019,0.398069748252746,-0.270565189334768,-0.421741080129577,0.445469306128361,0.454025457237889,0.195235599279375,-0.403097496823517
"166",1.32128431764327,1.40190078600732,1.41239000102579,1.47086011992654,1.47086011992654,0.0502829929463485,0.380538727680275,-0.270565189334768,-0.421741080129577,0.445469306128361,0.51024054452557,0.189081302850563,0.624225194456938
"167",1.51158087592142,1.60212256451068,1.55711666570007,1.60635421898325,1.60635421898325,1.13978653281341,0.304836593390062,-0.270565189334768,-0.421741080129577,0.445469306128361,0.678885806388612,0.351671625821799,0.653617260556243
"168",1.69271463344575,1.63748585555349,1.62880410024242,1.56621889816751,1.56621889816751,0.723535698708743,0.335117447106147,-0.270565189334768,-0.421741080129577,0.445469306128361,1.07239141740238,0.456913532908911,0.488461841522055
"169",1.57886215822204,1.91898625067296,1.65165225897852,2.00667781904914,2.00667781904914,1.13769824854684,0.374960675679944,-0.270565189334768,-0.421741080129577,0.445469306128361,2.42155351230671,0.101820943429756,-0.659228358546029
"170",2.03327699146505,1.93713889274601,1.89918784141508,1.82246709153863,1.82246709153863,0.486434761220454,0.134307575094212,-0.270565189334768,-0.421741080129577,0.697474130559875,1.85940263942991,0.0423064902550446,-0.324718653892038
"171",1.85042092916252,1.75599691816639,1.36674237636825,1.60334601355344,1.60334601355344,0.626038638894838,0.135901304237164,-0.270565189334768,-0.421741080129577,0.697474130559875,1.12860650469006,0.413248971654212,0.461869019813161
"172",1.28360740775801,1.39108614561086,1.34133747030241,1.28376801284164,1.28376801284164,0.428273969942072,0.00680924365806248,-0.270565189334768,-0.421741080129577,0.697474130559875,1.0161763301147,0.210913583477912,0.411482620785781
"173",1.24869486781449,1.36173271757615,1.09722189854419,1.37337974564229,1.37337974564229,0.952092188320484,-0.0274559329154026,-0.270565189334768,-0.421741080129577,0.697474130559875,1.12860650469006,0.124787815018841,0.408683376395371
"174",0.878954795798615,0.903972209155782,0.75409239508795,0.675880953384209,0.675880953384209,1.07065418181224,-0.197984951211252,-0.270565189334768,-0.421741080129577,0.697474130559875,1.24103667926542,-0.287756334977323,-0.691419669035743
"175",0.883694088067971,0.905980685188682,0.848791003441564,0.961419285561329,0.961419285561329,0.240874658987914,-0.0824395883472424,-0.270565189334768,-0.421741080129577,0.697474130559875,0.959961242827015,-0.189012539761973,-0.405896741213927
"176",1.11757570426221,1.13764168338834,1.00390764808213,1.00147536495563,1.00147536495563,0.366835540443984,-0.139016972922033,-0.270565189334768,-0.421741080129577,0.697474130559875,0.00430475893644408,-0.023809219424314,0.524852018597385
"177",1.08384816510771,1.01026292988751,1.00341910769853,1.01239979630303,1.01239979630303,-0.191264192169096,-0.176469607781403,-0.270565189334768,-0.421741080129577,0.697474130559875,-0.220555590214278,0.168039797742,0.298113222974178
"178",1.07602849004823,1.29993583182869,1.10764443266984,1.38367074434044,1.38367074434044,0.322811004581538,-0.194797492925349,-0.270565189334768,-0.421741080129577,0.697474130559875,-0.276770677501959,0.0430285026852404,-0.53606160536799
"179",1.51527739214051,1.62390602080894,1.57503050793499,1.62226591223986,1.62226591223986,0.651902477476645,-0.117501629492183,-0.270565189334768,-0.421741080129577,0.697474130559875,0.00430475893644408,0.0763786006514275,-0.433889185118027
"180",1.54142220268189,1.59184894039972,1.61256783132647,1.55893610489918,1.55893610489918,0.0752294616185605,0.0171684830872493,-0.270565189334768,-0.421741080129577,0.697474130559875,-0.276770677501959,0.648212445366504,0.904149633497934
"181",1.34971983429716,1.43735672603109,1.3901931371849,1.41383154925399,1.41383154925399,0.178949885140769,0.106417315092554,2.58969538363278,-0.421741080129577,0.697474130559875,-0.557846113940362,-0.275791557562649,0.145554403696835
"182",1.60516510156748,1.53939876410007,1.55955935133286,1.56202330634742,1.56202330634742,0.400861205281754,0.091276888234511,-0.270565189334768,-0.421741080129577,0.697474130559875,-0.445415939365001,0.376391956169931,0.0979672490598657
"183",1.64615959344895,1.57554988819006,1.38262056581639,1.61933694823148,1.61933694823148,0.932613059913493,-0.051361870059681,-0.270565189334768,-0.421741080129577,0.697474130559875,0.116734933511805,0.248664519113864,-0.713813624159023
"184",1.46030221475832,1.43712499543415,1.46836225305255,1.42016467248013,1.42016467248013,0.243525350937747,-0.0139092352003116,-0.270565189334768,-0.421741080129577,0.697474130559875,2.36533842501903,0.705973439782168,-0.54445933853922
"185",1.26725695764149,1.23929759134134,1.1286525078537,1.07287963565377,1.07287963565377,0.600640400116394,0.00601237908658671,-0.270565189334768,-0.421741080129577,0.697474130559875,1.74697246485454,0.19554503317803,0.230931357604339
"186",0.940564884413508,1.14158131210085,0.928506987434046,1.13169738421085,1.13169738421085,0.634912694552975,0.0179653476587256,-0.270565189334768,-0.421741080129577,0.697474130559875,0.397810369950209,0.182583190978801,0.477264863960415
"187",1.1749206462602,1.21287955400269,1.25421143331731,1.28645949798872,1.28645949798872,-0.0416499187224286,-0.00833118319998064,-0.270565189334768,-0.421741080129577,0.697474130559875,-0.276770677501959,0.398602433784526,0.195940802724214
"188",1.42096639539384,1.36235058601368,1.45166975363403,1.39617851586607,1.39617851586607,-0.444760235604484,0.0458556076603834,-0.270565189334768,-0.421741080129577,0.697474130559875,-0.445415939365001,0.124753433474546,-0.702616646597383
"189",1.35287928348931,1.36559502293536,1.41950658617006,1.37931691508048,1.37931691508048,-0.433242402845078,-0.0545493283455847,-0.270565189334768,-0.421741080129577,0.697474130559875,-0.501631026652682,0.013013414515672,-0.625637425861109
"190",1.39490064335574,1.40753960506417,1.49173150633162,1.45800422444996,1.45800422444996,-0.481040141074373,-0.0569399220600125,-0.270565189334768,-0.421741080129577,0.697474130559875,-0.726491375803404,0.35748210680766,0.233730601994749
"191",1.54845220106376,1.52302262800005,1.60532102954474,1.60959990327437,1.60959990327437,-0.421205956443314,-0.100767473491189,-0.270565189334768,-0.421741080129577,0.677390991619438,-0.501631026652682,0.321897208462296,0.236529846385159
"192",1.39545361844798,1.44770767349534,1.44719141521447,1.34781024885,1.34781024885,0.0556535253316626,-0.240218773499477,-0.270565189334768,-0.421741080129577,0.677390991619438,-0.33298576478964,0.417787335501157,0.16654873662491
"193",1.41093508062387,1.40529963789726,1.48244881562739,1.43164305756856,1.43164305756856,-0.559933953299493,-0.0983768797767608,-0.270565189334768,-0.421741080129577,0.677390991619438,-0.726491375803404,0.0784414933091298,-0.505269917073481
"194",1.41441055056316,1.36775790621191,1.37431494773676,1.33902335682487,1.33902335682487,-0.457974511211782,0.0203559413731535,-0.270565189334768,-0.421741080129577,0.677390991619438,-0.782706463091085,0.277991976397532,-0.508069161463891
"195",1.38344737345166,1.3764094315935,1.43782746125099,1.42863485213875,1.42863485213875,-0.596700203118439,-0.0314402557727826,2.58969538363278,-0.421741080129577,0.677390991619438,-0.951351724954127,0.359029276300937,-0.0615896811935021
"196",1.53012705768312,1.44670343547889,1.53106021231808,1.4335431101133,1.4335431101133,-0.659085966869903,0.0785270550908964,-0.270565189334768,-0.421741080129577,0.677390991619438,-0.951351724954127,0.535062783091533,0.183344202967369
"197",1.46448853983418,1.41263787131217,1.54050566567653,1.49750611261645,1.49750611261645,-0.924049134175221,0.049043065946287,-0.270565189334768,-0.421741080129577,0.677390991619438,-0.895136637666446,0.831362931826173,0.295313978583768
"198",1.55824656148862,1.52194106663031,1.63919408020871,1.5632106927377,1.5632106927377,-0.696656644071885,-0.0410026306304936,-0.270565189334768,-5.13935641832322,0.677390991619438,-0.951351724954127,0.377423402498783,-0.513667650244711
"199",1.5689099098541,1.52309995135334,1.6230718648471,1.59764632297655,1.59764632297655,-0.796401029669344,0.025933993373485,-0.270565189334768,-0.421741080129577,0.677390991619438,-1.00756681224181,0.310585680389228,-0.625637425861109
"200",1.61969876216043,1.65449541745704,1.71060493467823,1.71361898517183,1.71361898517183,-0.483349700495011,0.0633866282328538,-0.270565189334768,-0.421741080129577,0.677390991619438,-0.726491375803404,0.684106777610524,0.0783725383269959
"201",1.62388508723629,1.58242489987401,1.67111322175921,1.61529959385126,1.61529959385126,-0.768541104801837,0.0474493368033349,-0.270565189334768,-0.421741080129577,0.677390991619438,-0.164340502926598,0.920273605373142,0.292514734193358
"202",1.6565069210673,1.57763567985164,1.64139273992803,1.5423912164801,1.5423912164801,-0.835303967694808,0.025933993373485,-0.270565189334768,-0.421741080129577,0.677390991619438,-0.557846113940362,1.07151801872702,0.0937683824742507
"203",1.59173714629801,1.50850032122635,1.56012939111144,1.47241157354677,1.47241157354677,-0.754356445445948,0.021949670516105,-0.270565189334768,-0.421741080129577,0.677390991619438,-0.782706463091085,0.523407439575515,-0.526264250001556
"204",1.47728446150812,1.39070000777026,1.48016889264882,1.40203644388282,1.40203644388282,-0.861110182538575,0.0482462013748107,-0.270565189334768,-0.421741080129577,0.677390991619438,-0.782706463091085,0.946884920657501,-0.422692207556387
"205",1.40580094606634,1.39996963332771,1.49808273488373,1.40757790493607,1.40757790493607,-0.84464823305535,-0.0736740780610066,-0.270565189334768,-0.421741080129577,0.677390991619438,0.0605198462241247,0.891496252798195,0.240728712970774
"206",1.55761476485533,1.49482784522544,1.52462772864933,1.43251396907911,1.43251396907911,-0.668948845872803,0.0211528059446293,-0.270565189334768,-0.421741080129577,0.677390991619438,-0.33298576478964,1.04377211248092,0.52345239640218
"207",1.39900790202957,1.32226007267412,1.38514475898677,1.39166621167946,1.39166621167946,-0.813612087747087,-0.024268474629499,-0.270565189334768,-0.421741080129577,0.677390991619438,-0.726491375803404,1.35595653467987,0.111963471011915
"208",1.31836182279621,1.34442966681297,1.40647835947906,1.38889548511095,1.38889548511095,-0.939872612640963,-0.155751128923028,-0.270565189334768,-0.421741080129577,0.677390991619438,-0.951351724954127,0.922130208765074,-0.601843848542625
"209",1.41417359621806,1.38104424437222,1.48871878092025,1.42372683165097,1.42372683165097,-1.06785954472651,-0.103158067205617,-0.270565189334768,-0.421741080129577,0.677390991619438,-1.17621207410485,1.22877920233252,-0.358309586576958
"210",1.35667076627699,1.28912142317055,1.37390791489074,1.27601002436392,1.27601002436392,-1.00412999540396,-0.25137487750014,-0.270565189334768,-0.421741080129577,0.677390991619438,-1.11999698681717,1.46154225720993,0.317707933707048
"211",1.30517081397311,1.28495007158571,1.3776534427349,1.31408705519506,1.31408705519506,-1.06857868897725,-0.354967271792011,-0.270565189334768,-0.421741080129577,0.677390991619438,-1.17621207410485,1.57300722381444,0.302312089559793
"212",1.28100068879711,1.20407338191451,1.15495297900655,1.13367644069025,1.13367644069025,-0.610907911969545,-0.373295156935958,-0.270565189334768,-0.421741080129577,0.677390991619438,-1.06378189952949,1.90853671458972,0.289715489802948
"213",1.17910697133606,1.19936148524543,1.26235404446439,1.23239178579877,1.23239178579877,-0.92185021233162,-0.257749794071947,-0.270565189334768,-0.421741080129577,0.677390991619438,-1.23242716139253,1.66343068531039,-0.449285029265282
"214",1.30335426141179,1.35995597214019,1.37952633286745,1.41755218335148,1.41755218335148,-0.79898257313353,-0.226672075784386,-0.270565189334768,-0.421741080129577,0.677390991619438,-1.23242716139253,1.76251829596869,-0.288328476816709
"215",1.46835884416291,1.41889479054487,1.46429094747901,1.39443693824797,1.39443693824797,-0.849889688267455,-0.10634552549152,-0.270565189334768,-0.421741080129577,0.677390991619438,-2.01943838342006,2.06682934452408,0.440874686885086
"216",1.45003370868101,1.45442804619732,1.52047491553821,1.52988344495447,1.52988344495447,-0.935832036129609,-0.123079681492515,-0.270565189334768,-0.421741080129577,0.677390991619438,-1.79457803426934,2.40284017691949,0.477264863960415
"217",1.51164403425815,1.42793268550538,1.52275483851678,1.46544549264494,1.46544549264494,-1.09045957478574,-0.23384385692767,-0.270565189334768,-0.421741080129577,0.677390991619438,-1.23242716139253,3.0880299731753,0.625624816652143
"218",1.53849970783484,1.55098568017772,1.49604708209696,1.39665347358867,1.39665347358867,-0.787888851086098,-0.00673745405702853,-0.270565189334768,-0.421741080129577,0.677390991619438,-0.951351724954127,2.68428749851867,-0.422692207556387
"219",1.38518510447193,1.30063101589491,1.29272607361172,1.31036641318134,1.31036641318134,-0.892736394924366,0.0984486693777947,-0.270565189334768,-0.421741080129577,0.677390991619438,-1.23242716139253,3.65412209999311,-0.114775324611291
"220",1.35643381193189,1.28989393059006,1.41120096809043,1.36395942096791,1.36395942096791,-1.19068569483322,0.118370283664693,-0.270565189334768,-5.13935641832322,0.677390991619438,-1.23242716139253,3.94199877037546,0.939140188378059
"221",1.34537538431598,1.32310966398399,1.40256981655974,1.32144932737161,1.32144932737161,-1.13312188548093,0.091276888234511,-0.270565189334768,-0.421741080129577,0.677390991619438,-1.40107242325557,3.80557280261275,1.89788139209347
"222",1.31220081235498,1.2422329820374,1.33856901508285,1.29564235171802,1.29564235171802,-1.13505804307907,0.0394806910885755,-0.270565189334768,-0.421741080129577,0.677390991619438,-1.23242716139253,4.16186874614223,-0.183356812176335
