Date,OilPrice
2010-06-29,74.21
2010-06-30,74.94
2010-07-01,71.73
2010-07-02,71.75
2010-07-06,73.08
2010-07-07,72.97
2010-07-08,74.56
2010-07-09,75.2
2010-07-12,74.35
2010-07-13,76.45
2010-07-14,76.63
2010-07-15,75.52
2010-07-16,75.55
2010-07-19,76.29
2010-07-20,76.31
2010-07-21,75.75
2010-07-22,77.59
2010-07-23,77.27
2010-07-26,77.9
2010-07-27,75.52
2010-07-28,76.66
2010-07-29,78.6
2010-07-30,77.5
2010-08-02,81.93
2010-08-03,83.6
2010-08-04,83.76
2010-08-05,82.9
2010-08-06,81.28
2010-08-09,81.54
2010-08-10,79.89
2010-08-11,77.83
2010-08-12,76.63
2010-08-13,75.14
2010-08-16,74.56
2010-08-17,76.74
2010-08-18,75.1
2010-08-19,74.84
2010-08-20,73.48
2010-08-23,73.08
2010-08-24,70.61
2010-08-25,70.74
2010-08-26,74.5
2010-08-27,75.16
2010-08-30,76.05
2010-08-31,75.51
2010-09-01,75.53
2010-09-02,74.93
2010-09-03,75.03
2010-09-07,75.78
2010-09-08,77.48
2010-09-09,77.87
2010-09-10,77.54
2010-09-13,78.52
2010-09-14,78.89
2010-09-15,78.46
2010-09-16,78.89
2010-09-17,77.43
2010-09-20,79.42
2010-09-21,78.76
2010-09-22,77.29
2010-09-23,77.69
2010-09-24,78.73
2010-09-27,77.71
2010-09-28,79.14
2010-09-29,78.79
2010-09-30,80.77
2010-10-01,82.69
2010-10-04,83.42
2010-10-05,83.35
2010-10-06,85.01
2010-10-07,83.67
2010-10-08,83.88
2010-10-11,83.08
2010-10-12,82.99
2010-10-13,84.01
2010-10-14,83.55
2010-10-15,81.94
2010-10-18,82.3
2010-10-19,81.12
2010-10-20,81.68
2010-10-21,81.28
2010-10-22,80.75
2010-10-25,81.91
2010-10-26,82.62
2010-10-27,81.27
2010-10-28,82.97
2010-10-29,82.47
2010-11-01,84.06
2010-11-02,84.71
2010-11-03,85.33
2010-11-04,86.83
2010-11-05,87.05
2010-11-08,87.15
2010-11-09,87.93
2010-11-10,87.92
2010-11-11,88.08
2010-11-12,86.07
2010-11-15,85.49
2010-11-16,83.98
2010-11-17,83.36
2010-11-18,83.7
2010-11-19,83.17
2010-11-22,82.34
2010-11-23,82.37
2010-11-24,84.53
2010-11-26,84.78
2010-11-29,85.9
2010-11-30,86.02
2010-12-01,88.56
2010-12-02,89.37
2010-12-03,90.65
2010-12-06,91.25
2010-12-07,90.78
2010-12-08,89.74
2010-12-09,89.93
2010-12-10,89.54
2010-12-13,90.4
2010-12-14,90.63
2010-12-15,91.33
2010-12-16,91.09
2010-12-17,91.11
2010-12-20,91.31
2010-12-21,93.11
2010-12-22,93.55
2010-12-23,93.63
2010-12-27,93.08
2010-12-28,93.52
2010-12-29,93.52
2010-12-30,92.5
2010-12-31,93.23
2011-01-03,95.82
2011-01-04,93.52
2011-01-05,95.07
2011-01-06,94.95
2011-01-07,94.25
2011-01-10,95.05
2011-01-11,96.8
2011-01-12,97.86
2011-01-13,97.86
2011-01-14,97.86
2011-01-18,97.83
2011-01-19,98.42
2011-01-20,96.27
2011-01-21,96.84
2011-01-24,96.76
2011-01-25,96.76
2011-01-26,96.04
2011-01-27,96.48
2011-01-28,97.06
2011-01-31,98.97
2011-02-01,100.4
2011-02-02,101.3
2011-02-03,101.69
2011-02-04,99.43
2011-02-07,99.44
2011-02-08,99.25
2011-02-09,100.16
2011-02-10,100.74
2011-02-11,99.93
2011-02-14,103.12
2011-02-15,102.48
2011-02-16,102.78
2011-02-17,103.45
2011-02-18,102.2
2011-02-22,106.82
2011-02-23,109.77
2011-02-24,113.91
2011-02-25,111.47
2011-02-28,112.27
2011-03-01,113.34
2011-03-02,116.89
2011-03-03,114.42
2011-03-04,115.71
2011-03-07,116.58
2011-03-08,112.32
2011-03-09,115.19
2011-03-10,114.07
2011-03-11,114.07
2011-03-14,112.95
2011-03-15,111.11
2011-03-16,110.96
2011-03-17,114.18
2011-03-18,114.13
2011-03-21,114.92
2011-03-22,115.63
2011-03-23,115.65
2011-03-24,115.41
2011-03-25,115.45
2011-03-28,115.95
2011-03-29,115.58
2011-03-30,115.35
2011-03-31,116.94
2011-04-01,118.63
2011-04-04,120.07
2011-04-05,122.87
2011-04-06,123.01
2011-04-07,122.9
2011-04-08,126.3
2011-04-11,126.46
2011-04-12,121.33
2011-04-13,122.7
2011-04-14,122.74
2011-04-15,124.63
2011-04-18,121.69
2011-04-19,121.35
2011-04-20,124.26
2011-04-21,123.64
2011-04-26,124.55
2011-04-27,124.94
2011-04-28,126.59
2011-05-02,126.64
2011-05-03,124.01
2011-05-04,121.55
2011-05-05,111.93
2011-05-06,113.69
2011-05-09,113.21
2011-05-10,117.82
2011-05-11,115.66
2011-05-12,112.87
2011-05-13,113.08
2011-05-16,113.72
2011-05-17,109.39
2011-05-18,112.54
2011-05-19,113.2
2011-05-20,111.25
2011-05-23,110.13
2011-05-24,112.52
2011-05-25,114.47
2011-05-26,115.06
2011-05-27,114.85
2011-05-31,117.18
2011-06-01,116.15
2011-06-02,114.3
2011-06-03,115.09
2011-06-06,115.4
2011-06-07,116.14
2011-06-08,118.43
2011-06-09,119.95
2011-06-10,118.71
2011-06-13,120.49
2011-06-14,120.35
2011-06-15,114.67
2011-06-16,114.69
2011-06-17,113.74
2011-06-20,112.21
2011-06-21,112.02
2011-06-22,113.59
2011-06-23,108.27
2011-06-24,104.79
2011-06-27,104.57
2011-06-28,107.57
2011-06-29,111.49
2011-06-30,111.71
2011-07-01,109.82
2011-07-05,113.21
2011-07-06,113.55
2011-07-07,117.4
2011-07-08,117.4
2011-07-11,117.35
2011-07-12,117.36
2011-07-13,118.46
2011-07-14,117.38
2011-07-15,118.06
2011-07-18,117.05
2011-07-19,118.18
2011-07-20,118.52
2011-07-21,118.25
2011-07-22,118.99
2011-07-25,118.27
2011-07-26,118.14
2011-07-27,117.99
2011-07-28,118.16
2011-07-29,115.93
2011-08-01,116.37
2011-08-02,116.02
2011-08-03,113.74
2011-08-04,110.22
2011-08-05,106.92
2011-08-08,103.06
2011-08-09,103.63
2011-08-10,103.84
2011-08-11,107.82
2011-08-12,108.17
2011-08-15,108.89
2011-08-16,109.69
2011-08-17,111.37
2011-08-18,108.36
2011-08-19,109.37
2011-08-22,108.83
2011-08-23,110.35
2011-08-24,111.91
2011-08-25,111.91
2011-08-26,112.29
2011-08-30,115.59
2011-08-31,116.48
2011-09-01,116.43
2011-09-02,115.92
2011-09-06,113.29
2011-09-07,117.5
2011-09-08,117.99
2011-09-09,115.1
2011-09-12,114.75
2011-09-13,114.08
2011-09-14,113.1
2011-09-15,116.71
2011-09-16,116.26
2011-09-19,112.89
2011-09-20,114.39
2011-09-21,114.26
2011-09-22,109.21
2011-09-23,109.17
2011-09-26,107.9
2011-09-27,109.54
2011-09-28,108.52
2011-09-29,107.08
2011-09-30,105.42
2011-10-03,103.61
2011-10-04,101.84
2011-10-05,103.77
2011-10-06,104.38
2011-10-07,106.56
2011-10-10,109.49
2011-10-11,109.22
2011-10-12,112.44
2011-10-13,112.45
2011-10-14,114.33
2011-10-17,112.92
2011-10-18,112.08
2011-10-19,111.76
2011-10-20,109.0
2011-10-21,111.6
2011-10-24,111.67
2011-10-25,112.11
2011-10-26,110.43
2011-10-27,112.45
2011-10-28,110.01
2011-10-31,108.43
2011-11-01,106.97
2011-11-02,110.82
2011-11-03,110.76
2011-11-04,112.22
2011-11-07,114.75
2011-11-08,115.61
2011-11-09,115.29
2011-11-10,113.32
2011-11-11,114.43
2011-11-14,112.57
2011-11-15,111.9
2011-11-16,111.91
2011-11-17,109.25
2011-11-18,107.82
2011-11-21,105.98
2011-11-22,107.77
2011-11-23,106.83
2011-11-25,106.08
2011-11-28,109.38
2011-11-29,111.25
2011-11-30,111.22
2011-12-01,108.83
2011-12-02,109.59
2011-12-05,110.18
2011-12-06,110.16
2011-12-07,110.07
2011-12-08,108.23
2011-12-09,107.91
2011-12-12,107.82
2011-12-13,109.25
2011-12-14,105.72
2011-12-15,104.52
2011-12-16,104.0
2011-12-19,104.55
2011-12-20,107.8
2011-12-21,108.0
2011-12-22,108.98
2011-12-23,109.28
2011-12-28,107.54
2011-12-29,106.89
2011-12-30,108.09
2012-01-03,111.12
2012-01-04,113.37
2012-01-05,113.59
2012-01-06,111.96
2012-01-09,111.07
2012-01-10,113.3
2012-01-11,111.66
2012-01-12,112.97
2012-01-13,109.88
2012-01-17,110.55
2012-01-18,109.81
2012-01-19,109.54
2012-01-20,108.5
2012-01-23,109.46
2012-01-24,108.38
2012-01-25,108.48
2012-01-26,109.08
2012-01-27,110.5
2012-01-30,110.24
2012-01-31,110.26
2012-02-01,111.96
2012-02-02,110.96
2012-02-03,112.56
2012-02-06,115.47
2012-02-07,116.86
2012-02-08,117.18
2012-02-09,118.4
2012-02-10,118.13
2012-02-13,118.73
2012-02-14,118.3
2012-02-15,120.25
2012-02-16,121.0
2012-02-17,120.69
2012-02-21,120.85
2012-02-22,123.07
2012-02-23,124.53
2012-02-24,124.89
2012-02-27,126.46
2012-02-28,124.02
2012-02-29,122.23
2012-03-01,125.76
2012-03-02,125.93
2012-03-05,126.68
2012-03-06,125.03
2012-03-07,125.37
2012-03-08,127.96
2012-03-09,128.08
2012-03-12,127.27
2012-03-13,128.14
2012-03-14,126.98
2012-03-15,123.63
2012-03-16,125.09
2012-03-19,125.76
2012-03-20,124.38
2012-03-21,123.89
2012-03-22,122.49
2012-03-23,125.21
2012-03-26,125.85
2012-03-27,125.25
2012-03-28,124.41
2012-03-29,123.23
2012-03-30,123.41
2012-04-02,124.44
2012-04-04,123.04
2012-04-05,123.58
2012-04-10,121.89
2012-04-11,120.41
2012-04-12,120.57
2012-04-13,120.62
2012-04-16,118.23
2012-04-17,117.41
2012-04-18,115.18
2012-04-19,117.0
2012-04-20,118.08
2012-04-23,116.66
2012-04-24,117.74
2012-04-25,117.45
2012-04-26,119.33
2012-04-27,119.3
2012-04-30,118.66
2012-05-01,119.57
2012-05-02,117.57
2012-05-03,115.91
2012-05-04,111.66
2012-05-08,110.48
2012-05-09,111.89
2012-05-10,112.24
2012-05-11,112.5
2012-05-14,110.79
2012-05-15,111.4
2012-05-16,109.8
2012-05-17,109.31
2012-05-18,108.03
2012-05-21,109.02
2012-05-22,109.76
2012-05-23,106.88
2012-05-24,107.2
2012-05-25,107.86
2012-05-29,107.55
2012-05-30,103.85
2012-05-31,103.86
2012-06-01,98.63
2012-06-04,97.74
2012-06-05,98.65
2012-06-06,101.14
2012-06-07,100.05
2012-06-08,97.57
2012-06-11,98.6
2012-06-12,96.59
2012-06-13,97.29
2012-06-14,96.46
2012-06-15,97.13
2012-06-18,95.21
2012-06-19,95.14
2012-06-20,93.5
2012-06-21,89.22
2012-06-22,89.22
2012-06-25,88.69
2012-06-26,90.19
2012-06-27,92.06
2012-06-28,91.02
2012-06-29,94.17
2012-07-02,95.28
2012-07-03,99.89
2012-07-05,101.54
2012-07-06,98.5
2012-07-09,99.94
2012-07-10,99.15
2012-07-11,99.23
2012-07-12,99.18
2012-07-13,101.91
2012-07-16,102.1
2012-07-17,104.21
2012-07-18,105.92
2012-07-19,107.79
2012-07-20,106.98
2012-07-23,103.91
2012-07-24,103.57
2012-07-25,102.35
2012-07-26,104.77
2012-07-27,106.3
2012-07-30,106.54
2012-07-31,105.93
2012-08-01,106.78
2012-08-02,107.55
2012-08-03,109.57
2012-08-06,110.01
2012-08-07,112.39
2012-08-08,113.42
2012-08-09,113.52
2012-08-10,113.13
2012-08-13,114.48
2012-08-14,113.9
2012-08-15,115.51
2012-08-16,116.12
2012-08-17,115.2
2012-08-20,115.5
2012-08-21,116.03
2012-08-22,115.77
2012-08-23,117.45
2012-08-24,115.76
2012-08-27,113.74
2012-08-28,112.62
2012-08-29,112.53
2012-08-30,112.28
2012-08-31,113.93
2012-09-04,114.98
2012-09-05,113.32
2012-09-06,114.5
2012-09-07,113.64
2012-09-10,113.84
2012-09-11,114.86
2012-09-12,114.86
2012-09-13,116.0
2012-09-14,117.48
2012-09-17,116.7
2012-09-18,113.29
2012-09-19,108.49
2012-09-20,109.41
2012-09-21,111.27
2012-09-24,109.2
2012-09-25,110.77
2012-09-26,108.99
2012-09-27,111.45
2012-09-28,111.36
2012-10-01,112.58
2012-10-02,112.49
2012-10-03,109.32
2012-10-04,110.48
2012-10-05,112.17
2012-10-08,112.6
2012-10-09,114.32
2012-10-10,116.11
2012-10-11,116.18
2012-10-12,115.17
2012-10-15,115.0
2012-10-16,115.0
2012-10-17,113.49
2012-10-18,112.58
2012-10-19,111.89
2012-10-22,109.62
2012-10-23,107.53
2012-10-24,107.66
2012-10-25,107.64
2012-10-26,108.9
2012-10-29,109.33
2012-10-30,109.4
2012-10-31,109.89
2012-11-01,108.84
2012-11-02,106.79
2012-11-05,105.59
2012-11-06,109.27
2012-11-07,108.21
2012-11-08,107.23
2012-11-09,108.61
2012-11-12,110.23
2012-11-13,108.82
2012-11-14,109.66
2012-11-15,110.07
2012-11-16,106.81
2012-11-19,110.06
2012-11-20,110.01
2012-11-21,110.81
2012-11-23,110.14
2012-11-26,110.18
2012-11-27,109.33
2012-11-28,108.26
2012-11-29,110.47
2012-11-30,110.84
2012-12-03,111.27
2012-12-04,109.99
2012-12-05,108.96
2012-12-06,108.01
2012-12-07,107.16
2012-12-10,108.25
2012-12-11,107.6
2012-12-12,110.17
2012-12-13,110.18
2012-12-14,109.28
2012-12-17,109.35
2012-12-18,109.96
2012-12-19,109.95
2012-12-20,110.57
2012-12-21,109.13
2012-12-24,108.44
2012-12-26,110.72
2012-12-27,110.04
2012-12-28,110.05
2012-12-31,110.8
2013-01-02,112.98
2013-01-03,113.03
2013-01-04,112.58
2013-01-07,112.49
2013-01-08,113.03
2013-01-09,113.07
2013-01-10,112.97
2013-01-11,110.3
2013-01-14,111.32
2013-01-15,111.72
2013-01-16,110.97
2013-01-17,111.01
2013-01-18,111.71
2013-01-22,112.72
2013-01-23,113.68
2013-01-24,114.59
2013-01-25,113.88
2013-01-28,113.92
2013-01-29,115.22
2013-01-30,115.42
2013-01-31,115.55
2013-02-01,115.55
2013-02-04,116.06
2013-02-05,117.03
2013-02-06,116.61
2013-02-07,117.17
2013-02-08,118.9
2013-02-11,118.29
2013-02-12,117.89
2013-02-13,118.43
2013-02-14,118.48
2013-02-15,117.4
2013-02-19,117.04
2013-02-20,116.23
2013-02-21,114.19
2013-02-22,113.74
2013-02-25,114.55
2013-02-26,112.96
2013-02-27,112.24
2013-02-28,112.2
2013-03-01,110.14
2013-03-04,109.9
2013-03-05,110.42
2013-03-06,110.27
2013-03-07,110.42
2013-03-08,108.91
2013-03-11,108.64
2013-03-12,108.48
2013-03-13,107.51
2013-03-14,108.1
2013-03-15,109.32
2013-03-18,108.54
2013-03-19,106.91
2013-03-20,108.27
2013-03-21,106.41
2013-03-22,106.51
2013-03-25,106.66
2013-03-26,107.1
2013-03-27,108.51
2013-03-28,108.46
2013-04-01,108.76
2013-04-02,109.66
2013-04-03,107.82
2013-04-04,105.09
2013-04-05,103.98
2013-04-08,103.16
2013-04-09,104.08
2013-04-10,104.8
2013-04-11,103.62
2013-04-12,100.58
2013-04-15,99.32
2013-04-16,97.88
2013-04-17,96.84
2013-04-18,97.48
2013-04-19,98.94
2013-04-22,99.07
2013-04-23,99.25
2013-04-24,100.71
2013-04-25,101.62
2013-04-26,102.39
2013-04-29,102.88
2013-04-30,101.53
2013-05-01,98.34
2013-05-02,100.32
2013-05-03,104.6
2013-05-06,105.0
2013-05-07,105.18
2013-05-08,103.79
2013-05-09,103.59
2013-05-10,101.31
2013-05-13,102.17
2013-05-14,102.7
2013-05-15,101.57
2013-05-16,104.27
2013-05-17,103.83
2013-05-20,104.55
2013-05-21,103.1
2013-05-22,102.14
2013-05-23,100.46
2013-05-24,101.24
2013-05-28,103.77
2013-05-29,102.14
2013-05-30,101.79
2013-05-31,100.43
2013-06-03,101.63
2013-06-04,102.04
2013-06-05,103.51
2013-06-06,103.37
2013-06-07,104.07
2013-06-10,103.87
2013-06-11,101.5
2013-06-12,103.11
2013-06-13,103.38
2013-06-14,105.1
2013-06-17,105.8
2013-06-18,105.21
2013-06-19,105.56
2013-06-20,102.72
2013-06-21,100.36
2013-06-24,99.8
2013-06-25,101.51
2013-06-26,100.62
2013-06-27,102.74
2013-06-28,102.49
2013-07-01,103.19
2013-07-02,103.96
2013-07-03,106.12
2013-07-05,107.46
2013-07-08,107.75
2013-07-09,107.9
2013-07-10,108.43
2013-07-11,108.18
2013-07-12,109.03
2013-07-15,109.05
2013-07-16,109.29
2013-07-17,109.67
2013-07-18,109.71
2013-07-19,109.34
2013-07-22,108.82
2013-07-23,109.27
2013-07-24,108.23
2013-07-25,108.1
2013-07-26,107.57
2013-07-29,108.1
2013-07-30,107.47
2013-07-31,107.89
2013-08-01,109.94
2013-08-02,109.63
2013-08-05,109.81
2013-08-06,108.77
2013-08-07,108.39
2013-08-08,107.32
2013-08-09,108.49
2013-08-12,109.28
2013-08-13,110.69
2013-08-14,110.26
2013-08-15,111.58
2013-08-16,111.82
2013-08-19,111.41
2013-08-20,110.74
2013-08-21,110.82
2013-08-22,110.51
2013-08-23,112.12
2013-08-26,112.23
2013-08-27,115.21
2013-08-28,116.27
2013-08-29,116.91
2013-08-30,115.97
2013-09-03,115.49
2013-09-04,115.65
2013-09-05,115.81
2013-09-06,117.15
2013-09-09,115.2
2013-09-10,112.1
2013-09-11,112.37
2013-09-12,113.11
2013-09-13,113.31
2013-09-16,110.86
2013-09-17,109.05
2013-09-18,109.09
2013-09-19,110.66
2013-09-20,110.22
2013-09-23,108.56
2013-09-24,107.68
2013-09-25,109.46
2013-09-26,108.86
2013-09-27,109.45
2013-09-30,107.85
2013-10-01,107.32
2013-10-02,109.09
2013-10-03,109.49
2013-10-04,109.42
2013-10-07,109.66
2013-10-08,110.56
2013-10-09,109.02
2013-10-10,111.63
2013-10-11,110.65
2013-10-14,110.13
2013-10-15,110.67
2013-10-16,110.79
2013-10-17,109.55
2013-10-18,109.4
2013-10-21,109.47
2013-10-22,109.57
2013-10-23,107.74
2013-10-24,106.63
2013-10-25,105.7
2013-10-28,108.29
2013-10-29,108.04
2013-10-30,108.41
2013-10-31,107.53
2013-11-01,105.78
2013-11-04,104.85
2013-11-05,105.01
2013-11-06,105.46
2013-11-07,103.08
2013-11-08,104.29
2013-11-11,105.76
2013-11-12,106.29
2013-11-13,106.9
2013-11-14,108.29
2013-11-15,108.25
2013-11-18,108.8
2013-11-19,108.29
2013-11-20,108.27
2013-11-21,109.9
2013-11-22,111.36
2013-11-25,110.83
2013-11-26,112.04
2013-11-27,111.32
2013-11-29,111.07
2013-12-02,111.49
2013-12-03,113.06
2013-12-04,113.27
2013-12-05,112.07
2013-12-06,111.5
2013-12-09,110.07
2013-12-10,108.91
2013-12-11,109.47
2013-12-12,108.99
2013-12-13,108.08
2013-12-16,110.3
2013-12-17,108.91
2013-12-18,109.56
2013-12-19,110.78
2013-12-20,112.15
2013-12-23,111.58
2013-12-24,111.57
2013-12-26,111.65
2013-12-27,112.06
2013-12-30,110.47
2013-12-31,109.95
2014-01-02,107.94
2014-01-03,106.57
2014-01-06,106.71
2014-01-07,107.01
2014-01-08,107.42
2014-01-09,107.49
2014-01-10,106.44
2014-01-13,108.02
2014-01-14,107.12
2014-01-15,108.09
2014-01-16,107.46
2014-01-17,108.45
2014-01-20,108.01
2014-01-21,109.17
2014-01-22,109.69
2014-01-23,109.69
2014-01-24,109.14
2014-01-27,108.72
2014-01-28,109.1
2014-01-29,108.83
2014-01-30,109.36
2014-01-31,108.16
2014-02-03,106.55
2014-02-04,107.04
2014-02-05,106.81
2014-02-06,108.15
2014-02-07,110.12
2014-02-10,110.18
2014-02-11,109.21
2014-02-12,108.62
2014-02-13,108.98
2014-02-14,108.63
2014-02-18,110.14
2014-02-19,110.37
2014-02-20,109.42
2014-02-21,109.03
2014-02-24,109.76
2014-02-25,109.19
2014-02-26,109.39
2014-02-27,108.54
2014-02-28,108.98
2014-03-03,111.26
2014-03-04,109.17
2014-03-05,108.15
2014-03-06,107.99
2014-03-07,109.14
2014-03-10,108.27
2014-03-11,108.35
2014-03-12,107.88
2014-03-13,107.48
2014-03-14,108.08
2014-03-17,106.99
2014-03-18,106.79
2014-03-19,105.95
2014-03-20,105.73
2014-03-21,107.2
2014-03-24,106.59
2014-03-25,107.01
2014-03-26,105.9
2014-03-27,106.58
2014-03-28,106.64
2014-03-31,105.95
2014-04-01,105.7
2014-04-02,103.37
2014-04-03,104.88
2014-04-04,106.41
2014-04-07,104.89
2014-04-08,105.83
2014-04-09,107.39
2014-04-10,107.1
2014-04-11,107.34
2014-04-14,107.68
2014-04-15,109.1
2014-04-16,109.71
2014-04-17,109.79
2014-04-21,109.69
2014-04-22,108.54
2014-04-23,108.48
2014-04-24,109.79
2014-04-25,109.53
2014-04-28,109.12
2014-04-29,109.89
2014-04-30,108.63
2014-05-01,108.63
2014-05-02,109.48
2014-05-05,109.48
2014-05-06,108.3
2014-05-07,108.17
2014-05-08,108.19
2014-05-09,108.26
2014-05-12,108.37
2014-05-13,108.78
2014-05-14,109.87
2014-05-15,109.74
2014-05-16,110.9
2014-05-19,110.84
2014-05-20,110.35
2014-05-21,111.32
2014-05-22,110.89
2014-05-23,110.19
2014-05-26,110.01
2014-05-27,109.81
2014-05-28,109.09
2014-05-29,109.98
2014-05-30,109.21
2014-06-02,109.34
2014-06-03,108.87
2014-06-04,109.07
2014-06-05,108.43
2014-06-06,109.21
2014-06-09,110.55
2014-06-10,109.18
2014-06-11,109.83
2014-06-12,112.18
2014-06-13,113.15
2014-06-16,113.42
2014-06-17,114.02
2014-06-18,114.25
2014-06-19,115.19
2014-06-20,114.55
2014-06-23,113.62
2014-06-24,113.74
2014-06-25,112.84
2014-06-26,112.61
2014-06-27,112.62
2014-06-30,111.03
2014-07-01,110.84
2014-07-02,110.18
2014-07-03,108.98
2014-07-07,108.7
2014-07-08,107.65
2014-07-09,106.84
2014-07-10,106.2
2014-07-11,105.77
2014-07-14,104.73
2014-07-15,104.73
2014-07-16,105.41
2014-07-17,106.04
2014-07-18,106.03
2014-07-21,105.71
2014-07-22,106.48
2014-07-23,106.85
2014-07-24,105.78
2014-07-25,106.89
2014-07-28,106.7
2014-07-29,106.98
2014-07-30,106.47
2014-07-31,104.94
2014-08-01,103.45
2014-08-04,103.63
2014-08-05,102.82
2014-08-06,104.17
2014-08-07,104.02
2014-08-08,103.36
2014-08-11,103.47
2014-08-12,101.68
2014-08-13,102.27
2014-08-14,101.15
2014-08-15,101.13
2014-08-18,99.37
2014-08-19,99.74
2014-08-20,99.92
2014-08-21,100.28
2014-08-22,100.09
2014-08-25,100.49
2014-08-26,100.5
2014-08-27,100.4
2014-08-28,100.71
2014-08-29,101.12
2014-09-02,100.21
2014-09-03,100.88
2014-09-04,101.21
2014-09-05,99.51
2014-09-08,99.53
2014-09-09,98.08
2014-09-10,96.26
2014-09-11,96.42
2014-09-12,96.31
2014-09-15,96.43
2014-09-16,97.39
2014-09-17,97.7
2014-09-18,96.82
2014-09-19,96.75
2014-09-22,95.37
2014-09-23,94.87
2014-09-24,94.53
2014-09-25,95.2
2014-09-26,95.08
2014-09-29,95.7
2014-09-30,94.67
2014-10-01,94.57
2014-10-02,91.29
2014-10-03,90.8
2014-10-06,90.65
2014-10-07,90.9
2014-10-08,90.25
2014-10-09,90.47
2014-10-10,88.66
2014-10-13,87.82
2014-10-14,86.36
2014-10-15,84.02
2014-10-16,84.02
2014-10-17,85.27
2014-10-20,84.42
2014-10-21,85.17
2014-10-22,86.38
2014-10-23,85.94
2014-10-24,86.0
2014-10-27,85.64
2014-10-28,85.57
2014-10-29,86.91
2014-10-30,85.5
2014-10-31,84.17
2014-11-03,84.9
2014-11-04,82.12
2014-11-05,82.88
2014-11-06,82.08
2014-11-07,83.2
2014-11-10,82.9
2014-11-11,80.94
2014-11-12,80.42
2014-11-13,77.74
2014-11-14,77.51
2014-11-17,76.86
2014-11-18,77.23
2014-11-19,77.21
2014-11-20,77.61
2014-11-21,79.2
2014-11-24,79.62
2014-11-25,77.62
2014-11-26,77.39
2014-11-28,71.89
2014-12-01,70.87
2014-12-02,71.13
2014-12-03,70.13
2014-12-04,68.48
2014-12-05,68.0
2014-12-08,65.64
2014-12-09,66.11
2014-12-10,63.32
2014-12-11,63.65
2014-12-12,61.67
2014-12-15,61.09
2014-12-16,60.26
2014-12-17,59.84
2014-12-18,58.81
2014-12-19,58.87
2014-12-22,58.31
2014-12-23,59.07
2014-12-24,58.67
2014-12-26,58.72
2014-12-29,57.86
2014-12-30,55.6
2014-12-31,55.27
2015-01-02,55.38
2015-01-05,51.08
2015-01-06,50.12
2015-01-07,49.06
2015-01-08,49.43
2015-01-09,47.64
2015-01-12,46.9
2015-01-13,45.13
2015-01-14,45.82
2015-01-15,47.66
2015-01-16,47.38
2015-01-20,46.49
2015-01-21,46.5
2015-01-22,46.09
2015-01-23,46.69
2015-01-26,46.07
2015-01-27,46.55
2015-01-28,47.07
2015-01-29,46.61
2015-01-30,47.52
2015-02-02,51.74
2015-02-03,54.41
2015-02-04,55.07
2015-02-05,55.98
2015-02-06,55.88
2015-02-09,57.0
2015-02-10,55.79
2015-02-11,53.48
2015-02-12,56.23
2015-02-13,60.33
2015-02-16,61.57
2015-02-17,60.78
2015-02-18,60.72
2015-02-19,58.78
2015-02-20,60.99
2015-02-23,59.78
2015-02-24,60.33
2015-02-25,59.77
2015-02-26,61.39
2015-02-27,61.89
2015-03-02,60.75
2015-03-03,61.18
2015-03-04,59.18
2015-03-05,60.33
2015-03-06,59.15
2015-03-09,58.67
2015-03-10,55.95
2015-03-11,56.46
2015-03-12,56.66
2015-03-13,54.8
2015-03-16,52.0
2015-03-17,52.17
2015-03-18,52.59
2015-03-19,52.96
2015-03-20,53.88
2015-03-23,53.82
2015-03-24,53.61
2015-03-25,54.18
2015-03-26,57.02
2015-03-27,56.44
2015-03-30,53.99
2015-03-31,53.69
2015-04-01,55.73
2015-04-02,55.73
2015-04-06,55.73
2015-04-07,57.55
2015-04-08,56.42
2015-04-09,56.04
2015-04-10,56.82
2015-04-13,57.14
2015-04-14,57.69
2015-04-15,59.32
2015-04-16,60.13
2015-04-17,61.31
2015-04-20,61.2
2015-04-21,60.12
2015-04-22,60.12
2015-04-23,62.66
2015-04-24,62.96
2015-04-27,62.86
2015-04-28,62.61
2015-04-29,63.97
2015-04-30,63.9
2015-05-01,64.13
2015-05-04,64.62
2015-05-05,65.44
2015-05-06,66.22
2015-05-07,64.93
2015-05-08,63.82
2015-05-11,62.82
2015-05-12,65.09
2015-05-13,66.33
2015-05-14,65.58
2015-05-15,64.69
2015-05-18,65.15
2015-05-19,63.48
2015-05-20,63.52
2015-05-21,64.7
2015-05-22,64.7
2015-05-26,61.65
2015-05-27,61.35
2015-05-28,60.12
2015-05-29,63.16
2015-06-01,62.87
2015-06-02,63.14
2015-06-03,62.78
2015-06-04,60.34
2015-06-05,60.36
2015-06-08,61.33
2015-06-09,63.23
2015-06-10,64.68
2015-06-11,63.76
2015-06-12,63.19
2015-06-15,60.99
2015-06-16,60.75
2015-06-17,60.75
2015-06-18,61.37
2015-06-19,59.41
2015-06-22,60.54
2015-06-23,61.67
2015-06-24,61.63
2015-06-25,60.24
2015-06-26,60.14
2015-06-29,59.03
2015-06-30,60.31
2015-07-01,61.65
2015-07-02,61.73
2015-07-03,59.06
2015-07-06,57.19
2015-07-07,54.72
2015-07-08,55.7
2015-07-09,57.83
2015-07-10,57.72
2015-07-13,57.63
2015-07-14,57.2
2015-07-15,57.34
2015-07-16,57.31
2015-07-17,56.38
2015-07-20,56.42
2015-07-21,55.94
2015-07-22,56.36
2015-07-23,55.76
2015-07-24,54.29
2015-07-27,54.07
2015-07-28,54.3
2015-07-29,54.73
2015-07-30,54.29
2015-07-31,53.29
2015-08-03,49.49
2015-08-04,49.08
2015-08-05,49.04
2015-08-06,47.8
2015-08-07,47.54
2015-08-10,48.3
2015-08-11,47.33
2015-08-12,48.29
2015-08-13,48.01
2015-08-14,47.79
2015-08-17,47.77
2015-08-18,47.0
2015-08-19,45.75
2015-08-20,45.63
2015-08-21,43.84
2015-08-24,41.59
2015-08-25,41.86
2015-08-26,41.76
2015-08-27,44.46
2015-08-28,47.97
2015-09-01,48.8
2015-09-02,47.67
2015-09-03,50.41
2015-09-04,48.59
2015-09-07,46.42
2015-09-08,48.88
2015-09-09,48.04
2015-09-10,47.77
2015-09-11,46.87
2015-09-14,45.87
2015-09-15,45.91
2015-09-16,49.35
2015-09-17,48.27
2015-09-18,47.28
2015-09-21,47.64
2015-09-22,46.69
2015-09-23,48.0
2015-09-24,47.06
2015-09-25,47.28
2015-09-28,46.04
2015-09-29,47.58
2015-09-30,47.29
2015-10-01,47.48
2015-10-02,46.55
2015-10-05,49.45
2015-10-06,51.34
2015-10-07,51.66
2015-10-08,52.13
2015-10-09,52.08
2015-10-12,50.95
2015-10-13,48.94
2015-10-14,48.25
2015-10-15,47.87
2015-10-16,48.96
2015-10-19,47.51
2015-10-20,46.93
2015-10-21,46.72
2015-10-22,46.59
2015-10-23,46.3
2015-10-26,46.57
2015-10-27,45.54
2015-10-28,47.6
2015-10-29,48.04
2015-10-30,48.0
2015-11-02,47.91
2015-11-03,48.0
2015-11-04,46.96
2015-11-05,47.19
2015-11-06,46.09
2015-11-09,45.38
2015-11-10,46.44
2015-11-11,44.98
2015-11-12,44.98
2015-11-13,41.98
2015-11-16,40.28
2015-11-17,41.28
2015-11-18,41.45
2015-11-19,42.22
2015-11-20,42.49
2015-11-23,43.7
2015-11-24,44.38
2015-11-25,43.56
2015-11-26,43.55
2015-11-27,43.07
2015-11-30,43.73
2015-12-01,42.97
2015-12-02,41.92
2015-12-03,42.0
2015-12-04,41.44
2015-12-07,39.69
2015-12-08,39.44
2015-12-09,39.04
2015-12-10,38.65
2015-12-11,36.99
2015-12-14,36.51
2015-12-15,37.66
2015-12-16,36.96
2015-12-17,36.29
2015-12-18,36.76
2015-12-21,35.34
2015-12-22,35.26
2015-12-23,35.79
2015-12-24,37.22
2015-12-28,37.08
2015-12-29,36.85
2015-12-30,35.65
2015-12-31,36.61
2016-01-04,36.28
2016-01-05,35.56
2016-01-06,33.89
2016-01-07,33.57
2016-01-08,31.67
2016-01-11,30.14
2016-01-12,29.14
2016-01-13,28.58
2016-01-14,28.84
2016-01-15,28.8
2016-01-18,27.36
2016-01-19,27.36
2016-01-20,26.01
2016-01-21,27.59
2016-01-22,30.46
2016-01-25,29.82
2016-01-26,30.94
2016-01-27,31.83
2016-01-28,33.01
2016-01-29,33.14
2016-02-01,32.45
2016-02-02,30.98
2016-02-03,32.38
2016-02-04,32.76
2016-02-05,32.35
2016-02-08,31.64
2016-02-09,30.15
2016-02-10,29.64
2016-02-11,28.82
2016-02-12,31.8
2016-02-16,31.09
2016-02-17,33.21
2016-02-18,33.2
2016-02-19,31.66
2016-02-22,33.59
2016-02-23,31.9
2016-02-24,31.5
2016-02-25,32.83
2016-02-26,35.76
2016-02-29,35.92
2016-03-01,35.73
2016-03-02,36.38
2016-03-03,35.75
2016-03-04,37.61
2016-03-07,39.02
2016-03-08,39.16
2016-03-09,40.26
2016-03-10,38.63
2016-03-11,39.41
2016-03-14,38.06
2016-03-15,37.49
2016-03-16,38.38
2016-03-17,39.29
2016-03-18,39.26
2016-03-21,39.91
2016-03-22,40.54
2016-03-23,38.84
2016-03-24,38.33
2016-03-28,38.33
2016-03-29,36.75
2016-03-30,36.75
2016-03-31,36.75
2016-04-01,36.42
2016-04-04,36.05
2016-04-05,35.88
2016-04-06,37.77
2016-04-07,37.15
2016-04-08,40.71
2016-04-11,41.58
2016-04-12,43.02
2016-04-13,42.81
2016-04-14,43.02
2016-04-15,41.32
2016-04-18,41.64
2016-04-19,43.02
2016-04-20,43.09
2016-04-21,43.48
2016-04-22,43.97
2016-04-25,42.97
2016-04-26,43.94
2016-04-27,44.17
2016-04-28,45.6
2016-04-29,45.64
2016-05-02,45.82
2016-05-03,43.09
2016-05-04,43.08
2016-05-05,44.39
2016-05-06,44.6
2016-05-09,42.43
2016-05-10,44.01
2016-05-11,46.08
2016-05-12,46.43
2016-05-13,47.05
2016-05-16,48.49
2016-05-17,48.71
2016-05-18,48.93
2016-05-19,47.01
2016-05-20,48.54
2016-05-23,47.77
2016-05-24,48.42
2016-05-25,48.87
2016-05-26,49.52
2016-05-27,49.09
2016-05-31,49.26
2016-06-01,48.81
2016-06-02,49.05
2016-06-03,48.5
2016-06-06,48.94
2016-06-07,49.76
2016-06-08,50.73
2016-06-09,50.59
2016-06-10,49.7
2016-06-13,49.36
2016-06-14,47.88
2016-06-15,47.47
2016-06-16,45.66
2016-06-17,46.57
2016-06-20,48.68
2016-06-21,48.18
2016-06-22,48.43
2016-06-23,48.63
2016-06-24,46.69
2016-06-27,45.07
2016-06-28,46.29
2016-06-29,48.4
2016-06-30,48.05
2016-07-01,47.65
2016-07-04,48.02
2016-07-05,45.64
2016-07-06,45.7
2016-07-07,45.93
2016-07-08,44.53
2016-07-11,44.04
2016-07-12,46.72
2016-07-13,44.67
2016-07-14,46.01
2016-07-15,46.25
2016-07-18,45.35
2016-07-19,45.7
2016-07-20,45.82
2016-07-21,44.99
2016-07-22,44.24
2016-07-25,43.76
2016-07-26,43.56
2016-07-27,42.78
2016-07-28,41.87
2016-07-29,40.76
2016-08-01,40.17
2016-08-02,40.0
2016-08-03,40.45
2016-08-04,41.33
2016-08-05,42.47
2016-08-08,43.24
2016-08-09,43.37
2016-08-10,42.19
2016-08-11,44.23
2016-08-12,45.12
2016-08-15,47.31
2016-08-16,48.27
2016-08-17,48.58
2016-08-18,49.46
2016-08-19,49.39
2016-08-22,48.1
2016-08-23,48.7
2016-08-24,47.56
2016-08-25,49.25
2016-08-26,49.66
2016-08-29,49.66
2016-08-30,47.94
2016-08-31,47.94
2016-09-01,45.05
2016-09-02,45.96
2016-09-05,46.72
2016-09-06,46.21
2016-09-07,47.0
2016-09-08,49.23
2016-09-09,48.37
2016-09-12,47.82
2016-09-13,46.48
2016-09-14,45.65
2016-09-15,45.83
2016-09-16,45.26
2016-09-19,46.04
2016-09-20,45.24
2016-09-21,45.99
2016-09-22,47.21
2016-09-23,46.71
2016-09-26,46.61
2016-09-27,44.95
2016-09-28,45.49
2016-09-29,48.43
2016-09-30,48.24
2016-10-03,48.61
2016-10-04,48.81
2016-10-05,49.57
2016-10-06,50.14
2016-10-07,50.49
2016-10-10,51.54
2016-10-11,50.48
2016-10-12,49.53
2016-10-13,49.29
2016-10-14,48.87
2016-10-17,49.31
2016-10-18,49.81
2016-10-19,51.85
2016-10-20,50.42
2016-10-21,50.28
2016-10-24,49.8
2016-10-25,49.08
2016-10-26,48.98
2016-10-27,49.13
2016-10-28,47.78
2016-10-31,46.2
2016-11-01,45.77
2016-11-02,44.26
2016-11-03,43.84
2016-11-04,43.06
2016-11-07,42.83
2016-11-08,43.47
2016-11-09,43.88
2016-11-10,43.67
2016-11-11,41.61
2016-11-14,41.83
2016-11-15,44.15
2016-11-16,45.07
2016-11-17,44.57
2016-11-18,44.41
2016-11-21,45.96
2016-11-22,46.1
2016-11-23,46.54
2016-11-24,47.54
2016-11-25,46.32
2016-11-28,46.64
2016-11-29,44.68
2016-11-30,47.95
2016-12-01,52.28
2016-12-02,52.35
2016-12-05,53.3
2016-12-06,52.31
2016-12-07,51.9
2016-12-08,51.6
2016-12-09,52.19
2016-12-12,53.99
2016-12-13,53.28
2016-12-14,53.15
2016-12-15,51.72
2016-12-16,54.15
2016-12-19,53.53
2016-12-20,54.56
2016-12-21,53.01
2016-12-22,54.04
2016-12-23,53.93
2016-12-28,54.95
2016-12-29,54.97
2016-12-30,54.96
2017-01-03,55.05
2017-01-04,54.57
2017-01-05,54.99
2017-01-06,55.9
2017-01-09,54.39
2017-01-10,53.2
2017-01-11,53.61
2017-01-12,54.51
2017-01-13,54.37
2017-01-16,54.3
2017-01-17,54.68
2017-01-18,53.77
2017-01-19,53.18
2017-01-20,55.04
2017-01-23,54.8
2017-01-24,54.7
2017-01-25,54.34
2017-01-26,55.89
2017-01-27,54.8
2017-01-30,54.77
2017-01-31,55.25
2017-02-01,55.79
2017-02-02,55.94
2017-02-03,55.92
2017-02-06,55.02
2017-02-07,53.79
2017-02-08,54.42
2017-02-09,53.98
2017-02-10,55.2
2017-02-13,54.15
2017-02-14,54.96
2017-02-15,54.57
2017-02-16,54.16
2017-02-17,54.48
2017-02-20,55.25
2017-02-21,56.34
2017-02-22,54.9
2017-02-23,55.82
2017-02-24,54.69
2017-02-27,54.65
2017-02-28,53.36
2017-03-01,55.72
2017-03-02,54.16
2017-03-03,54.12
2017-03-06,54.73
2017-03-07,54.61
2017-03-08,53.3
2017-03-09,50.65
2017-03-10,50.63
2017-03-13,50.1
2017-03-14,49.6
2017-03-15,50.63
2017-03-16,50.56
2017-03-17,50.58
2017-03-20,50.67
2017-03-21,50.14
2017-03-22,49.56
2017-03-23,50.17
2017-03-24,49.97
2017-03-27,50.12
2017-03-28,50.72
2017-03-29,51.36
2017-03-30,52.25
2017-03-31,52.2
2017-04-03,52.04
2017-04-04,53.08
2017-04-05,53.41
2017-04-06,53.62
2017-04-07,54.24
2017-04-10,54.79
2017-04-11,54.73
2017-04-12,54.75
2017-04-13,55.05
2017-04-17,54.79
2017-04-18,52.6
2017-04-19,52.43
2017-04-20,50.66
2017-04-21,49.93
2017-04-24,49.45
2017-04-25,49.37
2017-04-26,49.99
2017-04-27,49.46
2017-04-28,49.46
2017-05-01,50.41
2017-05-02,49.31
2017-05-03,48.82
2017-05-04,47.53
2017-05-05,47.45
2017-05-08,46.61
2017-05-09,47.06
2017-05-10,48.09
2017-05-11,49.18
2017-05-12,49.08
2017-05-15,51.29
2017-05-16,51.21
2017-05-17,51.76
2017-05-18,51.71
2017-05-19,52.78
2017-05-22,53.35
2017-05-23,53.19
2017-05-24,53.29
2017-05-25,52.25
2017-05-26,50.84
2017-05-29,52.25
2017-05-30,50.65
2017-05-31,49.4
2017-06-01,50.41
2017-06-02,48.46
2017-06-05,48.25
2017-06-06,48.11
2017-06-07,47.08
2017-06-08,46.3
2017-06-09,46.64
2017-06-12,47.18
2017-06-13,46.95
2017-06-14,45.47
2017-06-15,45.61
2017-06-16,45.7
2017-06-19,45.93
2017-06-20,43.98
2017-06-21,44.62
2017-06-22,44.46
2017-06-23,44.14
2017-06-26,44.09
2017-06-27,46.17
2017-06-28,46.45
2017-06-29,47.02
2017-06-30,47.08
2017-07-03,49.13
2017-07-04,49.15
2017-07-05,47.58
2017-07-06,48.53
2017-07-07,46.47
2017-07-10,46.57
2017-07-11,46.68
2017-07-12,46.73
2017-07-13,47.65
2017-07-14,47.89
2017-07-17,47.66
2017-07-18,47.92
2017-07-19,48.34
2017-07-20,48.54
2017-07-21,47.47
2017-07-24,47.81
2017-07-25,49.19
2017-07-26,50.08
2017-07-27,50.67
2017-07-28,52.0
2017-07-31,51.99
2017-08-01,50.77
2017-08-02,52.09
2017-08-03,52.88
2017-08-04,52.48
2017-08-07,51.42
2017-08-08,52.18
2017-08-09,52.16
2017-08-10,52.59
2017-08-11,51.47
2017-08-14,51.29
2017-08-15,49.9
2017-08-16,50.39
2017-08-17,50.37
2017-08-18,50.96
2017-08-21,51.94
2017-08-22,52.29
2017-08-23,52.31
2017-08-24,51.73
2017-08-25,51.87
2017-08-28,51.87
2017-08-29,51.64
2017-08-30,51.91
2017-08-31,52.69
2017-09-01,53.15
2017-09-04,52.6
2017-09-05,53.63
2017-09-06,54.48
2017-09-07,54.16
2017-09-08,54.55
2017-09-11,54.2
2017-09-12,55.06
2017-09-13,55.52
2017-09-14,56.76
2017-09-15,56.18
2017-09-18,55.5
2017-09-19,56.58
2017-09-20,57.2
2017-09-21,57.73
2017-09-22,58.16
2017-09-25,59.42
2017-09-26,59.77
2017-09-27,58.74
2017-09-28,58.8
2017-09-29,57.02
2017-10-02,55.67
2017-10-03,56.12
2017-10-04,56.0
2017-10-05,57.09
2017-10-06,55.5
2017-10-09,55.29
2017-10-10,56.62
2017-10-11,56.13
2017-10-12,56.13
2017-10-13,56.86
2017-10-16,57.49
2017-10-17,57.63
2017-10-18,58.05
2017-10-19,57.82
2017-10-20,57.89
2017-10-23,57.69
2017-10-24,57.84
2017-10-25,58.45
2017-10-26,58.75
2017-10-27,60.15
2017-10-30,60.65
2017-10-31,61.35
2017-11-01,60.98
2017-11-02,60.79
2017-11-03,61.42
2017-11-06,64.27
2017-11-07,64.36
2017-11-08,63.96
2017-11-09,64.49
2017-11-10,64.35
2017-11-13,62.94
2017-11-14,60.91
2017-11-15,61.25
2017-11-16,61.18
2017-11-17,61.34
2017-11-20,61.34
2017-11-21,62.28
2017-11-22,62.92
2017-11-23,63.27
2017-11-24,63.58
2017-11-27,63.25
2017-11-28,63.56
2017-11-29,63.74
2017-11-30,63.53
2017-12-01,64.57
2017-12-04,63.45
2017-12-05,63.45
2017-12-06,62.25
2017-12-07,62.37
2017-12-08,63.86
2017-12-11,65.62
2017-12-12,64.96
2017-12-13,63.66
2017-12-14,63.72
2017-12-15,63.81
2017-12-18,64.45
2017-12-19,63.69
2017-12-20,64.43
2017-12-21,64.64
2017-12-22,64.61
2017-12-27,66.03
2017-12-28,66.8
2017-12-29,66.73
2018-01-02,66.65
2018-01-03,67.85
2018-01-04,68.73
2018-01-05,68.01
2018-01-08,68.48
2018-01-09,69.08
2018-01-10,69.79
2018-01-11,70.36
2018-01-12,69.64
2018-01-15,70.31
2018-01-16,69.4
2018-01-17,69.19
2018-01-18,69.48
2018-01-19,68.56
2018-01-22,69.32
2018-01-23,69.81
2018-01-24,69.91
2018-01-25,71.08
2018-01-26,70.08
2018-01-29,68.41
2018-01-30,67.78
2018-01-31,67.78
2018-02-01,68.6
2018-02-02,67.45
2018-02-05,67.69
2018-02-06,66.75
2018-02-07,65.74
2018-02-08,64.26
2018-02-09,63.04
2018-02-12,62.2
2018-02-13,61.94
2018-02-14,62.29
2018-02-15,62.86
2018-02-16,64.3
2018-02-19,64.95
2018-02-20,64.68
2018-02-21,64.81
2018-02-22,66.12
2018-02-23,67.04
2018-02-26,67.96
2018-02-27,67.59
2018-02-28,66.08
2018-03-01,64.23
2018-03-02,64.26
2018-03-05,65.78
2018-03-06,65.67
2018-03-07,65.09
2018-03-08,63.87
2018-03-09,65.19
2018-03-12,64.53
2018-03-13,64.2
2018-03-14,63.61
2018-03-15,63.67
2018-03-16,64.68
2018-03-19,64.82
2018-03-20,66.0
2018-03-21,68.15
2018-03-22,68.98
2018-03-23,69.03
2018-03-26,68.81
2018-03-27,68.63
2018-03-28,68.13
2018-03-29,69.02
2018-04-03,69.02
2018-04-04,66.04
2018-04-05,66.54
2018-04-06,66.51
2018-04-09,68.19
2018-04-10,70.67
2018-04-11,72.74
2018-04-12,71.44
2018-04-13,73.18
2018-04-16,72.05
2018-04-17,71.71
2018-04-18,73.73
2018-04-19,74.85
2018-04-20,74.62
2018-04-23,74.54
2018-04-24,75.86
2018-04-25,73.79
2018-04-26,75.39
2018-04-27,75.33
2018-04-30,75.92
2018-05-01,74.85
2018-05-02,73.14
2018-05-03,73.45
2018-05-04,74.75
2018-05-08,74.16
2018-05-09,77.6
2018-05-10,77.59
2018-05-11,77.37
2018-05-14,78.17
2018-05-15,78.94
2018-05-16,78.19
2018-05-17,80.09
2018-05-18,78.38
2018-05-21,78.34
2018-05-22,80.42
2018-05-23,78.69
2018-05-24,78.9
2018-05-25,76.6
2018-05-29,74.51
2018-05-30,75.89
2018-05-31,76.45
2018-06-01,74.54
2018-06-04,73.41
2018-06-05,72.91
2018-06-06,73.23
2018-06-07,75.23
2018-06-08,75.11
2018-06-11,74.58
2018-06-12,74.86
2018-06-13,75.07
2018-06-14,74.77
2018-06-15,72.02
2018-06-18,74.87
2018-06-19,74.92
2018-06-20,74.25
2018-06-21,72.87
2018-06-22,73.67
2018-06-25,72.82
2018-06-26,73.58
2018-06-27,76.09
2018-06-28,76.26
2018-06-29,77.44
2018-07-02,76.71
2018-07-03,75.87
2018-07-04,76.99
2018-07-05,77.09
2018-07-06,74.98
2018-07-09,77.08
2018-07-10,77.8
2018-07-11,75.35
2018-07-12,72.11
2018-07-13,74.11
2018-07-16,71.03
2018-07-17,70.87
2018-07-18,70.52
2018-07-19,71.94
2018-07-20,71.99
2018-07-23,73.45
2018-07-24,73.53
2018-07-25,73.67
2018-07-26,74.51
2018-07-27,74.84
2018-07-30,74.99
2018-07-31,74.16
2018-08-01,72.28
2018-08-02,72.95
2018-08-03,72.48
2018-08-06,72.51
2018-08-07,72.31
2018-08-08,70.71
2018-08-09,70.55
2018-08-10,71.0
2018-08-13,70.62
2018-08-14,70.77
2018-08-15,68.38
2018-08-16,69.21
2018-08-17,70.14
2018-08-20,71.11
2018-08-21,71.65
2018-08-22,72.96
2018-08-23,73.73
2018-08-24,74.41
2018-08-27,74.41
2018-08-28,75.91
2018-08-29,76.07
2018-08-30,77.05
2018-08-31,76.94
2018-09-03,77.81
2018-09-04,77.51
2018-09-05,76.68
2018-09-06,75.67
2018-09-07,75.55
2018-09-10,76.77
2018-09-11,78.22
2018-09-12,80.02
2018-09-13,77.66
2018-09-14,77.87
2018-09-17,78.22
2018-09-18,79.25
2018-09-19,79.43
2018-09-20,79.03
2018-09-21,78.9
2018-09-24,80.89
2018-09-25,82.21
2018-09-26,81.87
2018-09-27,81.54
2018-09-28,82.72
2018-10-01,84.94
2018-10-02,85.63
2018-10-03,85.45
2018-10-04,86.07
2018-10-05,85.12
2018-10-08,84.22
2018-10-09,85.16
2018-10-10,83.82
2018-10-11,81.35
2018-10-12,80.71
2018-10-15,80.91
2018-10-16,80.53
2018-10-17,79.91
2018-10-18,80.3
2018-10-19,80.38
2018-10-22,80.45
2018-10-23,78.67
2018-10-24,77.34
2018-10-25,77.3
2018-10-26,77.4
2018-10-29,77.56
2018-10-30,75.68
2018-10-31,74.84
2018-11-01,71.25
2018-11-02,71.11
2018-11-05,72.68
2018-11-06,70.64
2018-11-07,70.1
2018-11-08,69.29
2018-11-09,69.01
2018-11-12,69.81
2018-11-13,65.45
2018-11-14,64.88
2018-11-15,65.61
2018-11-16,65.29
2018-11-19,64.14
2018-11-20,61.5
2018-11-21,61.65
2018-11-22,61.11
2018-11-23,57.69
2018-11-26,59.7
2018-11-27,59.58
2018-11-28,57.97
2018-11-29,58.29
2018-11-30,57.71
2018-12-03,60.17
2018-12-04,61.22
2018-12-05,61.4
2018-12-06,57.83
2018-12-07,61.71
2018-12-10,60.29
2018-12-11,59.73
2018-12-12,59.94
2018-12-13,59.03
2018-12-14,58.56
2018-12-17,57.59
2018-12-18,55.26
2018-12-19,55.6
2018-12-20,52.84
2018-12-21,51.93
2018-12-27,51.49
2018-12-28,50.57
2019-01-02,54.06
2019-01-03,53.23
2019-01-04,55.64
2019-01-07,57.1
2019-01-08,56.91
2019-01-09,59.46
2019-01-10,60.47
2019-01-11,59.24
2019-01-14,58.8
2019-01-15,58.65
2019-01-16,59.81
2019-01-17,59.85
2019-01-18,62.04
2019-01-21,62.18
2019-01-22,60.9
2019-01-23,61.05
2019-01-24,61.09
2019-01-25,61.49
2019-01-28,59.71
2019-01-29,60.98
2019-01-30,61.89
2019-01-31,62.46
2019-02-01,61.86
2019-02-04,62.26
2019-02-05,61.67
2019-02-06,62.22
2019-02-07,61.01
2019-02-08,61.37
2019-02-11,61.3
2019-02-12,62.58
2019-02-13,63.27
2019-02-14,64.0
2019-02-15,65.65
2019-02-18,66.41
2019-02-19,65.86
2019-02-20,66.82
2019-02-21,66.91
2019-02-22,66.91
2019-02-25,64.02
2019-02-26,64.51
2019-02-27,65.55
2019-02-28,65.03
2019-03-01,63.71
2019-03-04,64.44
2019-03-05,64.24
2019-03-06,64.51
2019-03-07,64.82
2019-03-08,65.66
2019-03-11,65.06
2019-03-12,65.33
2019-03-13,65.89
2019-03-14,66.18
2019-03-15,66.11
2019-03-18,66.65
2019-03-19,67.13
2019-03-20,68.35
2019-03-21,68.3
2019-03-22,66.29
2019-03-25,67.37
2019-03-26,67.51
2019-03-27,67.35
2019-03-28,66.08
2019-03-29,67.93
2019-04-01,69.08
2019-04-02,69.68
2019-04-03,69.21
2019-04-04,69.8
2019-04-05,69.93
2019-04-08,71.12
2019-04-09,71.02
2019-04-10,71.63
2019-04-11,71.3
2019-04-12,71.57
2019-04-15,70.9
2019-04-16,70.74
2019-04-17,71.14
2019-04-18,70.71
2019-04-22,70.71
2019-04-23,74.39
2019-04-24,73.59
2019-04-25,74.94
2019-04-26,71.03
2019-04-29,71.22
2019-04-30,72.19
2019-05-01,72.01
2019-05-02,70.56
2019-05-03,71.95
2019-05-06,71.95
2019-05-07,70.98
2019-05-08,71.09
2019-05-09,70.61
2019-05-10,71.63
2019-05-13,72.35
2019-05-14,72.53
2019-05-15,73.09
2019-05-16,74.7
2019-05-17,73.94
2019-05-20,73.21
2019-05-21,72.94
2019-05-22,71.94
2019-05-23,68.37
2019-05-24,67.98
2019-05-28,70.19
2019-05-29,70.64
2019-05-30,69.55
2019-05-31,66.78
2019-06-03,63.16
2019-06-04,63.56
2019-06-05,62.14
2019-06-06,62.77
2019-06-07,64.1
2019-06-10,64.31
2019-06-11,63.56
2019-06-12,61.66
2019-06-13,63.28
2019-06-14,63.13
2019-06-17,62.56
2019-06-18,63.35
2019-06-19,62.85
2019-06-20,65.44
2019-06-21,65.99
2019-06-24,65.16
2019-06-25,66.24
2019-06-26,66.85
2019-06-27,66.78
2019-06-28,67.52
2019-07-01,65.1
2019-07-02,62.72
2019-07-03,63.53
2019-07-04,63.62
2019-07-05,64.23
2019-07-08,64.89
2019-07-09,64.3
2019-07-10,66.41
2019-07-11,67.64
2019-07-12,66.65
2019-07-15,66.86
2019-07-16,65.87
2019-07-17,63.67
2019-07-18,60.7
2019-07-19,61.04
2019-07-22,61.96
2019-07-23,62.28
2019-07-24,63.83
2019-07-25,63.47
2019-07-26,62.46
2019-07-29,62.29
2019-07-30,62.55
2019-07-31,64.07
2019-08-01,62.9
2019-08-02,61.12
2019-08-05,59.32
2019-08-06,58.63
2019-08-07,55.03
2019-08-08,56.29
2019-08-09,57.37
2019-08-12,57.13
2019-08-13,59.9
2019-08-14,57.86
2019-08-15,57.37
2019-08-16,59.0
2019-08-19,59.79
2019-08-20,59.03
2019-08-21,60.6
2019-08-22,59.81
2019-08-23,58.64
2019-08-26,58.64
2019-08-27,58.44
2019-08-28,60.42
2019-08-29,60.59
2019-08-30,61.04
2019-09-02,58.55
2019-09-03,57.93
2019-09-04,60.68
2019-09-05,62.7
2019-09-06,61.28
2019-09-09,63.99
2019-09-10,64.67
2019-09-11,63.02
2019-09-12,60.76
2019-09-13,61.25
2019-09-16,68.42
2019-09-17,65.59
2019-09-18,64.29
2019-09-19,64.25
2019-09-20,65.23
2019-09-23,64.66
2019-09-24,64.13
2019-09-25,62.41
2019-09-26,62.08
2019-09-27,62.48
2019-09-30,60.99
2019-10-01,60.06
2019-10-02,57.92
2019-10-03,58.01
2019-10-04,59.13
2019-10-07,59.46
2019-10-08,58.14
2019-10-09,59.7
2019-10-10,59.08
2019-10-11,60.59
2019-10-14,58.81
2019-10-15,59.19
2019-10-16,59.3
2019-10-17,59.35
2019-10-18,59.96
2019-10-21,58.95
2019-10-22,60.5
2019-10-23,60.52
2019-10-24,61.71
2019-10-25,62.06
2019-10-28,60.39
2019-10-29,61.05
2019-10-30,60.22
2019-10-31,59.3
2019-11-01,60.17
2019-11-04,62.52
2019-11-05,62.72
2019-11-06,62.11
2019-11-07,62.6
2019-11-08,62.0
2019-11-11,62.58
2019-11-12,62.19
2019-11-13,62.27
2019-11-14,62.46
2019-11-15,63.32
2019-11-18,62.82
2019-11-19,62.37
2019-11-20,63.8
2019-11-21,64.99
2019-11-22,64.83
2019-11-25,64.67
2019-11-26,64.82
2019-11-27,65.03
2019-11-28,64.68
2019-11-29,64.5
2019-12-02,63.2
2019-12-03,62.95
2019-12-04,65.25
2019-12-05,65.67
2019-12-06,66.5
2019-12-09,66.44
2019-12-10,66.57
2019-12-11,65.37
2019-12-12,66.67
2019-12-13,67.44
2019-12-16,68.04
2019-12-17,68.99
2019-12-18,69.12
2019-12-19,69.7
2019-12-20,68.66
2019-12-23,67.49
2019-12-24,69.26
2019-12-25,69.26
2019-12-26,69.26
2019-12-27,68.91
2019-12-30,68.3
2019-12-31,67.77
2020-01-01,67.77
2020-01-02,67.05
2020-01-03,69.08
2020-01-06,70.25
2020-01-07,68.74
2020-01-08,67.31
2020-01-09,66.58
2020-01-10,66.77
2020-01-13,64.14
2020-01-14,64.45
2020-01-15,63.29
2020-01-16,64.63
2020-01-17,64.05
2020-01-20,64.63
2020-01-21,63.66
2020-01-22,62.11
2020-01-23,61.26
2020-01-24,59.34
2020-01-27,58.54
2020-01-28,59.37
2020-01-29,59.46
2020-01-30,57.72
2020-01-31,57.77
2020-02-03,54.0
2020-02-04,53.9
2020-02-05,55.36
2020-02-06,55.18
2020-02-07,54.53
2020-02-10,53.39
2020-02-11,54.0
2020-02-12,55.54
2020-02-13,56.34
2020-02-14,57.37
2020-02-17,57.83
2020-02-18,57.35
2020-02-19,59.72
2020-02-20,59.72
2020-02-21,58.6
2020-02-24,56.04
2020-02-25,56.71
2020-02-26,54.96
2020-02-27,52.19
2020-02-28,51.31
2020-03-02,52.52
2020-03-03,52.24
2020-03-04,51.86
2020-03-05,51.29
2020-03-06,45.6
2020-03-09,35.33
2020-03-10,36.66
2020-03-11,34.45
2020-03-12,31.05
2020-03-13,33.0
2020-03-16,28.04
2020-03-17,28.04
2020-03-18,26.93
2020-03-19,23.3
2020-03-20,25.4
2020-03-23,25.06
2020-03-24,23.75
2020-03-25,25.62
2020-03-26,23.55
2020-03-27,22.39
2020-03-30,19.07
2020-03-31,19.19
2020-04-01,14.97
2020-04-02,20.24
2020-04-03,24.33
2020-04-06,22.58
2020-04-07,22.1
2020-04-08,25.22
2020-04-09,20.23
2020-04-14,21.74
2020-04-15,19.8
2020-04-16,18.69
2020-04-17,19.75
2020-04-20,17.36
2020-04-21,9.12
